Author's Usage,Curation Date,NCT Record ID
ODM-212,2024-12-18_11:34:07,NCT06725758
complement inhibitor,2024-12-18_11:32:27,NCT06733610
universal allogeneic anti-CD19/BCMA CAR T-cells,2024-12-18_11:32:27,NCT06733610
Mosunetuzumab (SC) (RO7030816),2024-12-18_05:20:23,NCT04246086
Standard control of SBP and standard control of LDL-C,2024-12-18_04:12:53,NCT06322056
Intensive control of SBP and standard control of LDL-C,2024-12-18_04:12:53,NCT06322056
Intensive control of SBP and intensive control of LDL-C,2024-12-18_04:12:53,NCT06322056
Standard control of SBP and intensive control of LDL-C,2024-12-18_04:12:53,NCT06322056
BAY 2862789,2024-12-18_04:10:37,NCT05614102
BAY2862789,2024-12-18_04:10:37,NCT05614102
CD19/CD20/BCMA CAR-T,2024-12-18_04:08:41,NCT06732232
Ivocizumab,2024-12-18_03:45:54,NCT06683846
CD19&CD22 bispecific CAR-T cells,2024-12-18_03:35:37,NCT06735495
GSK4527363,2024-12-18_03:21:00,NCT06576271
Keverprazan Hydrochloride tablets + high dose amoxicillin（H-KA-10d） (H-KA-10d),2024-12-18_03:08:43,NCT06734260
Keverprazan Hydrochloride tablets + high dose amoxicillin (H-KA-14d),2024-12-18_03:08:43,NCT06734260
Keverprazan Hydrochloride tablets + low dose amoxicillin (L-KA-14d),2024-12-18_03:08:43,NCT06734260
EYP-1901,2024-12-18_02:54:36,NCT06683742
BGB-B3227,2024-12-18_02:53:56,NCT06540066
Biological samples collection (blood drawing + feces),2024-12-18_02:52:42,NCT06350851
BGB-53038,2024-12-18_02:49:45,NCT06585488
Recaticimab,2024-12-18_02:43:36,NCT06467617
Yttrium-90 (Y-90) (YTTRIGA),2024-12-18_02:14:23,NCT06725121
Peginterferon α-2b injection,2024-12-18_02:12:19,NCT06734637
MB097,2024-12-18_01:48:41,NCT06540391
monoclonal antibody,2024-12-18_01:22:38,NCT06636981
Utideron,2024-12-18_01:22:38,NCT06636981
Elibulin,2024-12-18_01:22:38,NCT06636981
daily ferrous sulfate with an equivalent elemental iron dose of 65 mg per pill (daily),2024-12-18_01:12:13,NCT06492512
alternate day ferrous sulfate with an equivalent elemental iron dose of 65 mg per pill (alternate day),2024-12-18_01:12:13,NCT06492512
Nucleoside (acid) analogs (NAs),2024-12-18_01:10:34,NCT06706310
GFH375,2024-12-17_23:29:23,NCT06500676
Indium In 111-DOTA-Daratumumab (111In-DOTA-Daratumumab; [111In]-DOTA-Daratumumab),2024-12-17_22:03:37,NCT06287944
Actinium Ac 225-DOTA-Daratumumab (225Ac-DOTA-Daratumumab; [225Ac]-DOTA-Daratumumab),2024-12-17_22:03:37,NCT06287944
ACR246 for injection,2024-12-17_22:03:32,NCT06238401
Autologous Hematopoietic Stem cells (HSCs),2024-12-17_22:03:25,NCT06254326
TTRNA-DC vaccines with GM-CSF,2024-12-17_22:03:25,NCT06254326
Td vaccine,2024-12-17_22:03:25,NCT06254326
liposome mitoxantrone,2024-12-17_22:03:23,NCT05603884
DVRd,2024-12-17_22:03:22,NCT06158269
VEN+AZA-5,2024-12-17_22:03:19,NCT05833438
INCB161734,2024-12-17_09:06:23,NCT06179160
[89Zr]Panitumumab Tracer,2024-12-17_09:03:53,NCT05183048
Lunsekimig (SAR443765),2024-12-17_09:02:30,NCT06676319
GS-0201,2024-12-17_09:01:11,NCT06167317
"Hyaluronidase-zzxf/Pertuzumab/Trastuzumab (Pertuzumab and Trastuzumab hyaluronidase; Pertuzumab, Trastuzumab, and Hyaluronidase-zzxf; Pertuzumab/Trastuzumab/Hyaluronidase-zzxf; Phesgo)",2024-12-17_09:00:05,NCT05256225
Azer-cel (Allogeneic Anti-CD19 CAR T cells; PBCAR0191),2024-12-17_08:41:44,NCT03666000
"Fluorouracil (5 Fluorouracil; 5 Fluorouracilum; 5 FU; 5-Fluoro-2,4(1H, 3H)-pyrimidinedione; 5-Fluorouracil; 5-Fluracil; 5-Fu; 5FU; AccuSite; Carac; Fluoro Uracil; Fluouracil; Flurablastin; Fluracedyl; Fluracil; Fluril; Fluroblastin; Ribofluor; Ro 2-9757; Ro-2-9757)",2024-12-17_08:38:48,NCT05564377
18F-PF-06445974,2024-12-17_08:36:02,NCT05703685
KB304,2024-12-17_08:30:13,NCT06724900
Angio-immuno kinase inhibitor,2024-12-17_08:30:17,NCT06719700
ABP 234,2024-12-17_08:29:18,NCT06430866
Tobemstomig 1200 mg dose,2024-12-17_08:29:10,NCT04524871
Tobemstomig 2100 mg,2024-12-17_08:29:10,NCT04524871
Tobemstomig 600 mg,2024-12-17_08:29:10,NCT04524871
ASP1012,2024-12-17_08:27:30,NCT06171178
[177Lu]Lu-NeoB (Lu-NeoB),2024-12-18_04:57:21,NCT05739942
[68Ga]Ga-NeoB (Ga-NeoB),2024-12-18_04:57:21,NCT05739942
Benmelstobart,2024-12-18_04:48:48,NCT06496490
SAR446959,2024-12-18_04:24:22,NCT06704932
PDS01ADC,2024-12-18_04:18:12,NCT04235777
BBO-10203,2024-12-17_08:25:23,NCT06625775
CAR.70/IL15-transduced CB-derived NK cells,2024-12-17_08:14:07,NCT05703854
"Peposertib (3-Pyridazinemethanol, alpha-(2-Chloro-4-fluoro-5-(7-(4-morpholinyl)-4-quinazolinyl)phenyl)-6-methoxy-, (alphaS)-; M 3814; M-3814; M3814; MSC 2490484A; MSC-2490484A; MSC2490484A; Nedisertib)",2024-12-17_08:12:21,NCT04172532
CDR404,2024-12-17_08:12:14,NCT06402201
ABP 206,2024-12-17_08:12:06,NCT06054555
BGB-R046,2024-12-17_08:10:17,NCT06487858
10-1074-LS-J,2024-12-17_08:09:00,NCT06031272
3BNC117-LS-J,2024-12-17_08:09:00,NCT06031272
"Fulvestrant (Faslodex; Faslodex(ICI 182,780); ICI 182,780; ICI 182780; ICI-182780; ICI182780; ZD 9238; ZD-9238; ZD9238)",2024-12-17_08:05:08,NCT05554354
Soquelitinib,2024-12-17_08:03:37,NCT06730126
"Doxorubicin Hydrochloride (5,12-Naphthacenedione, 10-[(3-amino-2,3,6-trideoxy-alpha-L-lyxo-hexopyranosyl)oxy]-7,8, 9,10-tetrahydro-6,8,11-trihydroxy-8-(hydroxyacetyl)-1-methoxy-, hydrochloride, (8S-cis)- (9CI); ADM; Adriacin; Adriamycin; Adriamycin Hydrochloride; Adriamycin PFS; Adriamycin RDF; ADRIAMYCIN, HYDROCHLORIDE; Adriamycine; Adriblastina; Adriblastine; Adrimedac; Chloridrato de Doxorrubicina; DOX; DOXO-CELL; Doxolem; Doxorubicin HCl; Doxorubicin.HCl; Doxorubin; Farmiblastina; FI 106; FI-106; FI106; hydroxydaunorubicin; Rubex)",2024-12-17_08:58:49,NCT04530565
"Cytarabine (.beta.-Cytosine arabinoside; 1-.beta.-D-Arabinofuranosyl-4-amino-2(1H)pyrimidinone; 1-.beta.-D-Arabinofuranosylcytosine; 1-Beta-D-arabinofuranosyl-4-amino-2(1H)pyrimidinone; 1-Beta-D-arabinofuranosylcytosine; 1.beta.-D-Arabinofuranosylcytosine; 2(1H)-Pyrimidinone, 4-Amino-1-beta-D-arabinofuranosyl-; 2(1H)-Pyrimidinone, 4-amino-1.beta.-D-arabinofuranosyl-; Alexan; Ara-C; ARA-cell; Arabine; Arabinofuranosylcytosine; Arabinosylcytosine; Aracytidine; Aracytin; Aracytine; Beta-Cytosine Arabinoside; CHX-3311; Cytarabinum; Cytarbel; Cytosar; Cytosine Arabinoside; Cytosine-.beta.-arabinoside; Cytosine-beta-arabinoside; Erpalfa; Starasid; Tarabine PFS; U 19920; U-19920; Udicil; WR-28453)",2024-12-17_08:58:49,NCT04530565
"BCD-261, dose 1 (anti-TL1A)",2024-12-17_08:58:18,NCT06715540
"BCD-261, pre-specified therapeautic dose Y (anti-TL1A)",2024-12-17_08:58:18,NCT06715540
"BCD-261, dose 2 (anti-TL1A)",2024-12-17_08:58:18,NCT06715540
"BCD-261, dose 3 (anti-TL1A)",2024-12-17_08:58:18,NCT06715540
"BCD-261, dose 4 (anti-TL1A)",2024-12-17_08:58:18,NCT06715540
"BCD-261, dose 5 (anti-TL1A)",2024-12-17_08:58:18,NCT06715540
"BCD-261, dose 6 (anti-TL1A)",2024-12-17_08:58:18,NCT06715540
"BCD-261, pre-specified therapeautic dose X (anti-TL1A)",2024-12-17_08:58:18,NCT06715540
dapirolizumab pegol,2024-12-17_08:58:17,NCT06617325
"Samotolisib (2H-Imidazo(4,5-C)quinolin-2-one, 1,3-Dihydro-8-(5-(1-hydroxy-1-methylethyl)-3-pyridinyl)-1-((2S)-2-methoxypropyl)-3-methyl-; LY 3023414; LY-3023414; LY3023414; WHO 10889)",2024-12-17_08:54:41,NCT03155620
Vemurafenib (BRAF (V600E) kinase inhibitor RO5185426; BRAF(V600E) Kinase Inhibitor RO5185426; PLX 4032; PLX-4032; PLX4032; RG 7204; RG-7204; RG7204; RO 5185426; RO-5185426; Zelboraf),2024-12-17_08:54:41,NCT03155620
"Palbociclib (6-Acetyl-8-cyclopentyl-5-methyl-2-((5-(piperazin-1-yl)pyridin-2-yl)amino)-8h-pyrido(2,3-d)pyrimidin-7-one; Ibrance; PD 0332991; PD 332991; PD 991; PD-0332991; PD0332991)",2024-12-17_08:54:41,NCT03155620
FYB206,2024-12-17_08:47:45,NCT06643117
BGB-43395,2024-12-17_08:46:41,NCT06120283
BG-68501,2024-12-17_08:46:17,NCT06257264
BGB-43395,2024-12-17_08:46:17,NCT06257264
BG-C137,2024-12-16_13:29:22,NCT06625593
Firmonertinib,2024-12-16_12:58:48,NCT06668103
RYZ801,2024-12-16_10:21:42,NCT06726161
DR-0201,2024-12-16_05:42:18,NCT06647069
626 (SSGJ-626),2024-12-16_05:01:53,NCT06674525
Multitargeted Tyrosine Kinase Inhibitor,2024-12-15_10:23:03,NCT06702566
Serplulimab,2024-12-15_10:23:03,NCT06702566
MT027 cells suspension,2024-12-14_06:28:22,NCT06726564
Serplulimab,2024-12-14_06:19:41,NCT06727617
Humira (Cosentyx),2024-12-14_06:09:05,NCT06729463
Gonadotropin-releasing hormone (GnRH) analogues,2024-12-14_05:43:19,NCT06531499
Gonadotropin-releasing hormone (GnRH) antagonists,2024-12-14_05:43:19,NCT06531499
"AAA617 (Lutetium (177Lu) vipivotide tetraxetan, [177Lu]Lu-PSMA-617)",2024-12-14_05:43:19,NCT06531499
teacept,2024-12-14_05:41:58,NCT06688799
moxachenolate,2024-12-14_05:41:58,NCT06688799
MP shock,2024-12-14_05:41:58,NCT06688799
cyclohamide,2024-12-14_05:41:58,NCT06688799
Rezpegaldesleukin,2024-12-14_02:44:27,NCT06136741
Rezpegaldesleukin (NKTR-358; REZPEG; LY3471851),2024-12-14_02:44:27,NCT06136741
Allogeneic Adipose-derived Mesenchymal Stem Cells (Allogeneic Adipose-derived MSCs; Allogeneic Adipose-derived Stem/Stromal Cells; Allogeneic Mesenchymal Stem/Stromal Cells),2024-12-14_02:36:29,NCT05789394
HRO761,2024-12-14_01:51:07,NCT05838768
VERT-002,2024-12-13_05:21:20,NCT06669117
VRDN-003,2024-12-13_05:20:31,NCT06625411
VRDN-003,2024-12-13_05:20:29,NCT06625398
CID-078,2024-12-13_05:18:08,NCT06577987
SNS-101 (anti-VISTA),2024-12-13_05:11:12,NCT05864144
ALXN1850,2024-12-13_05:05:42,NCT06079281
QTX3046,2024-12-17_08:21:22,NCT06428500
[18F]-6F-DA,2024-12-13_05:00:42,NCT00004847
[18F]-DOPA,2024-12-13_05:00:42,NCT00004847
CAR.5/IL15-transduced CB-NK cells,2024-12-13_04:58:44,NCT05110742
Riliprubart (SAR445088),2024-12-13_04:58:31,NCT06290128
Golcadomide,2024-12-13_04:58:09,NCT06356129
KSQ-004EX,2024-12-13_04:50:54,NCT06598371
SGR-3515,2024-12-13_04:49:27,NCT06463340
JNJ-87704916,2024-12-13_04:49:03,NCT06311578
"Palbociclib (6-Acetyl-8-cyclopentyl-5-methyl-2-((5-(piperazin-1-yl)pyridin-2-yl)amino)-8h-pyrido(2,3-d)pyrimidin-7-one; Ibrance; PD 0332991; PD 332991; PD 991; PD-0332991; PD0332991)",2024-12-13_04:46:16,NCT05554367
Autologous alpha-DC1/TBVA vaccine,2024-12-13_04:44:38,NCT05127824
TUB-040,2024-12-13_04:44:34,NCT06303505
TCA-IR,2024-12-13_04:43:50,NCT06269705
HP 13C Pyruvate,2024-12-13_04:39:43,NCT03952598
CHT101,2024-12-16_08:19:40,NCT06730659
FD-001,2024-12-16_07:28:43,NCT06731699
Recombinant Humanized Type III Collagen,2024-12-16_04:18:31,NCT06725082
CAR-NKT Cell,2024-12-16_04:04:59,NCT06728189
anti-B cell maturation antigen therapy,2024-12-14_03:45:45,NCT06297226
"BMS-986393 (CC-95266,; GPRC5D CAR T cells)",2024-12-14_03:45:45,NCT06297226
Elacestrant (ER-306323; RAD1901; Selective estrogen receptor degrader/selective estrogen receptor modulator (SERD/SERM) RAD1901),2024-12-14_03:41:05,NCT06382948
177Lu-PSMA,2024-12-14_03:35:21,NCT05893381
EVO101,2024-12-14_03:23:48,NCT06645821
Divarasib,2024-12-14_03:22:06,NCT06497556
EGFRt/19-28z/IL-12 CAR T-lymphocytes,2024-12-14_02:56:24,NCT06343376
JNJ-90014496,2024-12-13_05:24:51,NCT05421663
S095018,2024-12-13_05:24:09,NCT06162572
S095024,2024-12-13_05:24:09,NCT06162572
BAY2927088_formulation B_1,2024-12-13_04:37:52,NCT05099172
BAY2927088_formulation B_2,2024-12-13_04:37:52,NCT05099172
GEMOX Regimen,2024-12-13_04:32:57,NCT05215665
Anti-STEAP1 CAR T-cells (Anti-STEAP1 CAR T Cells; Anti-STEAP1 CAR-T Cells; STEAP1 CAR-T Cells; STEAP1-targeting CAR T-cells),2024-12-13_04:31:38,NCT06236139
Sodium Iodine I-131,2024-12-13_04:29:45,NCT05668962
JNJ-87890387,2024-12-13_04:27:32,NCT06178614
CD33 directed therapy,2024-12-13_04:27:05,NCT06549790
Blood sample,2024-12-13_04:26:37,NCT05710679
Antibody-drug conjugate,2024-12-13_04:23:19,NCT06649331
SHR-A2009,2024-12-13_04:23:19,NCT06649331
Odronextamab (R1979),2024-12-13_04:54:43,NCT06230224
INCA33890,2024-12-13_04:54:03,NCT05836324
Amino Acid infusion,2024-12-13_04:53:42,NCT04086485
Recombinant human interleukin (IL) 7-hyFc,2024-12-13_04:22:12,NCT05600920
MOMA-313,2024-12-13_04:13:37,NCT06545942
ALXN1850,2024-12-13_04:12:32,NCT06079372
RGT-61159,2024-12-13_04:10:55,NCT06462183
SMP3124LP,2024-12-13_04:09:50,NCT06526819
JNJ-87801493,2024-12-13_04:09:30,NCT06139406
VET3-TGI,2024-12-13_04:08:39,NCT06444815
ALTA2618,2024-12-13_04:06:32,NCT06533059
SAR446523,2024-12-13_04:05:12,NCT06630806
Esketamine Nasal Product (ATC code: N06AB10),2024-12-13_04:04:48,NCT05973851
Second-line Antidepressants,2024-12-13_04:04:48,NCT05973851
Adenovirus 5 CEA/MUC1/Brachyury Vaccine Tri-Ad5 (Ad5 CEA/MUC1/Brachyury Vaccine Tri-Ad5; Ad5-CEA/Ad5-MUC1/Ad5-Brachyury Vaccine Tri-Ad5; Adenoviral CEA/MUC1/Brachyury Vaccine Tri-Ad5; Tri Ad5; Tri-Ad5; TriAd5),2024-12-13_04:02:32,NCT05419011
CTIM-76 (CTIM-76 Claudin 6 bispecific Antibody),2024-12-13_04:37:16,NCT06515613
Ad5-yCD/mutTKSR39rep-ADP adenovirus and fractionated stereotactic radiosurgery (fSRS),2024-12-13_04:36:32,NCT05686798
Post-Transplant Cyclophosphamide,2024-12-13_04:36:30,NCT05907746
[177Lu]Lu-PSMA I&T,2024-12-11_13:09:40,NCT05867615
NK Cells,2024-12-11_12:31:13,NCT05834244
UBX-303061,2024-12-11_11:15:14,NCT06590961
XKDCT293,2024-12-11_10:55:55,NCT06724835
Bispecific antibodies,2024-12-11_02:12:59,NCT06377059
Icalcaprant (ABBV-1354; CVL-354),2024-12-11_02:04:32,NCT06722417
SNP - Sodium Nitroprusside,2024-12-11_01:09:57,NCT06424756
GDC-7035,2024-12-11_00:45:48,NCT06619587
GS-1427,2024-12-11_00:40:48,NCT06290934
Icalcaprant (ABBV-1354; CVL-354),2024-12-10_23:59:18,NCT06722430
Sonelokimab,2024-12-10_13:09:21,NCT06641089
QRL-101,2024-12-10_13:03:16,NCT06714396
[18F]F-RESCA-RB14 ([18F]F-RB14),2024-12-10_12:41:31,NCT06715826
[18F]F-RESCA-T4 ([18F]F-T4),2024-12-10_12:41:31,NCT06715826
[68Ga]Ga-NOTA-T4 ([68Ga]Ga-T4),2024-12-10_12:41:31,NCT06715826
[68Ga]Ga-DOTA-H2D3 ([68Ga]Ga-H2D3),2024-12-10_12:41:31,NCT06715826
RBD4059,2024-12-10_12:35:57,NCT06717074
ACC017,2024-12-10_12:26:13,NCT06719310
ACE2016,2024-12-10_11:34:28,NCT06415487
HYP-6589,2024-12-10_10:27:36,NCT06712680
robotic assisted radical prostatectomy,2024-12-10_10:20:52,NCT06717711
anti-human T lymphocyte porcine immunoglobulin (p-ALG),2024-12-10_08:13:08,NCT06613880
NMRA-335140 (BTRX-335140; CYM-53093; Navacaprant),2024-12-10_07:48:45,NCT06058039
IVS-3001- Anti - HLA-G CAR-T cells,2024-12-10_07:43:10,NCT05672459
mRNA-1403,2024-12-10_07:43:04,NCT06592794
NMRA-335140,2024-12-10_07:42:47,NCT06029439
NMRA-335140 (BTRX-335140; CYM-53093; Navacaprant),2024-12-10_07:42:47,NCT06029439
LY4066434.,2024-12-10_07:41:59,NCT06607185
LY4066434,2024-12-10_07:41:59,NCT06607185
Eltrekibart (LY3041658),2024-12-10_07:27:06,NCT06598943
S1P immunomodulator,2024-12-10_07:27:06,NCT06598943
HC-7366,2024-12-10_07:17:14,NCT06285890
LDAC,2024-12-10_07:17:14,NCT06285890
CLIA,2024-12-10_07:17:14,NCT06285890
CLAG-M,2024-12-10_07:17:14,NCT06285890
CPX-251,2024-12-10_07:17:14,NCT06285890
5 + 2 regimen,2024-12-10_07:17:14,NCT06285890
ALN-BCAT,2024-12-10_07:16:54,NCT06600321
RO7589831,2024-12-10_07:09:07,NCT06004245
ZW191,2024-12-10_07:04:09,NCT06555744
M3554,2024-12-10_06:59:56,NCT06641908
BGB-43395,2024-12-10_06:59:20,NCT06253195
darbepoetin alpha,2024-12-10_06:57:43,NCT05732961
Serplulimab,2024-12-10_06:56:36,NCT06394414
Opevesostat (MK-5684),2024-12-10_06:56:03,NCT06353386
ATA3219,2024-12-10_07:40:48,NCT06256484
conditioning chemotherapy,2024-12-10_07:40:48,NCT06256484
V940,2024-12-10_07:40:26,NCT06305767
NMRA-335140 (BTRX 335140; CYM-53093; Navacaprant),2024-12-10_07:36:04,NCT06058013
Rituximab and Hyaluronidase Human (Rituxan Hycela; Rituximab Plus Hyaluronidase; Rituximab/Hyaluronidase; Rituximab/Hyaluronidase Human),2024-12-10_07:34:45,NCT06337318
Prednisone acetate,2024-12-10_06:55:40,NCT06136650
MK-5684,2024-12-10_06:55:40,NCT06136650
Lutetium Lu 177 Dotatate (177 Lu-DOTA-TATE; 177 Lu-DOTA-Tyr3-Octreotate; 177Lu-DOTA0-Tyr3-Octreotate; Lutathera; Lutetium (177Lu) Oxodotreotide; Lutetium Lu 177 DOTA(0)-Tyr(3)-Octreotate; Lutetium Lu 177-DOTA-Tyr3-Octreotate; lutetium Lu 177-DOTATATE; Lutetium Oxodotreotide Lu-177),2024-12-10_06:52:39,NCT05691465
[177Lu]Lu-NNS309,2024-12-10_06:51:12,NCT06562192
[68Ga]Ga-NNS309,2024-12-10_06:51:12,NCT06562192
JNJ-87189401 (PSMAxCD28),2024-12-10_06:48:29,NCT06095089
BNT166a,2024-12-10_01:18:17,NCT05988203
HLA-G-CAR.BiTE allogeneic γδ T cells,2024-12-10_01:08:11,NCT06150885
Rapcabtagene autoleucel single agent,2024-12-09_11:35:18,NCT03960840
AB598,2024-12-09_10:13:56,NCT05891171
AZD0901,2024-12-09_09:51:48,NCT06346392
antinauseants,2024-12-09_09:48:52,NCT06379217
"L-Lysine HCl-L-Arginine HCl, 2.5 %, (Lysine HCl-Arginine HCl, 2.5 %)",2024-12-09_09:48:52,NCT06379217
Gonadotropin-releasing hormone (GnRH) analogues,2024-12-09_09:48:52,NCT06379217
[177Lu]Lu-DOTA-TATE (Lutetium (177Lu) DOTA-TATE),2024-12-09_09:48:52,NCT06379217
[68Ga]Ga-NeoB (Gallium NeoB),2024-12-09_09:48:52,NCT06379217
[68Ga]GA-DOTA-TATE (Gallium (68Ga) DOTA-TATE),2024-12-09_09:48:52,NCT06379217
[68Ga]Ga-PSMA-11 (Gallium (68Ga) gozetotide),2024-12-09_09:48:52,NCT06379217
[177Lu]Lu-NeoB (Lutetium NeoB),2024-12-09_09:48:52,NCT06379217
[177Lu]Lu-PSMA-617 (Lutetium (177Lu) vipivotide tetraxetan),2024-12-09_09:48:52,NCT06379217
antiemetic,2024-12-09_09:48:52,NCT06379217
ELK-003 (Standarized Amniotic Fluid Secretome Eye Drops) (ELK-003; Gotas ELK),2024-12-09_09:28:53,NCT06713434
[18F]F-RESCA-WWH347 ([18F]F-WWH347),2024-12-09_09:25:39,NCT06715839
[68Ga]Ga-NOTA-WWH347 ([68Ga]Ga-WWH347),2024-12-09_09:25:39,NCT06715839
[18F]F-RESCA-RB14 ([18F]F-RB14),2024-12-09_09:25:39,NCT06715839
[68Ga]Ga-NOTA-G5 ([68Ga]Ga-G5),2024-12-09_09:25:39,NCT06715839
[68Ga]Ga-NOTA-RND20 ([68Ga]Ga-RND20),2024-12-09_09:25:39,NCT06715839
[68Ga]Ga-DOTA-H2D3 ([68Ga]Ga-H2D3),2024-12-09_09:25:39,NCT06715839
[18F]F-RESCA-RND20 ([18F]F-RND20),2024-12-09_09:25:39,NCT06715839
[18F]F-RESCA-T4 ([18F]F-T4),2024-12-09_09:25:39,NCT06715839
[18F]F-RESCA-G5 ([18F]F-G5),2024-12-09_09:25:39,NCT06715839
[68Ga]Ga-NOTA-T4 ([68Ga]Ga-T4),2024-12-09_09:25:39,NCT06715839
RCT1100,2024-12-09_09:17:57,NCT06633757
GP681 40mg,2024-12-09_07:59:54,NCT06573008
EXL01,2024-12-09_07:53:15,NCT06448572
IM96 CAR-T Cells,2024-12-09_05:29:49,NCT06718738
LS301-IT,2024-12-09_04:00:52,NCT06713564
M-CENK (Autologous Memory Cytokine Enriched Natural Killer),2024-12-09_02:52:43,NCT06710288
nipple sparing mastectomy,2024-12-09_02:13:29,NCT06078384
Personalized NeoAntigen Peptides,2024-12-09_00:51:38,NCT02287428
GEN1055,2024-12-06_10:17:43,NCT06391775
177Lu-PSMA radioligand therapy,2024-12-06_10:14:18,NCT06402331
JNJ-88549968,2024-12-06_10:10:19,NCT06150157
AZD3427,2024-12-06_10:07:41,NCT06611423
Autogene cevumeran,2024-12-06_10:07:28,NCT05968326
"Uncultured, autologous, adipose-derived regenerative cells (UA-ADRCs)",2024-12-06_10:07:25,NCT06705023
MK-6837,2024-12-06_10:02:26,NCT06460961
Defactinib (defactinib (VS-6063)),2024-12-06_09:54:13,NCT06072781
avutometinib (avutometinib (VS-6766)),2024-12-06_09:54:13,NCT06072781
RO7656594 (GDC-2992),2024-12-06_09:53:31,NCT05800665
cellular therapy,2024-12-06_09:52:25,NCT06410209
Autologous HuCD19 ( Anti-CD19)CAR T cells,2024-12-06_09:50:08,NCT06364423
Azenosertib (Wee1 Inhibitor ZN-c3; ZN c3; ZN-c3; ZNc3),2024-12-06_09:47:35,NCT06364410
KQB198,2024-12-06_09:46:22,NCT06645886
MET097,2024-12-06_09:41:54,NCT06712836
Pembrolizumab 200 mg Q3W or 400 mg Q6W,2024-12-06_09:35:23,NCT05692999
Pemetrexed 500 mg/m^2 Q3W,2024-12-06_09:35:23,NCT05692999
Pembrolizumab 200 mg Q6W,2024-12-06_09:35:23,NCT05692999
H2 Receptor Antagonist,2024-12-06_09:35:13,NCT06305754
EGFR FPBMC,2024-12-06_09:35:08,NCT06479239
5'FU-based chemotherapy,2024-12-06_09:35:08,NCT06479239
PG-102(MG12),2024-12-06_09:33:41,NCT06309667
KQB198,2024-12-06_09:19:07,NCT06507306
BG-C477,2024-12-06_09:18:59,NCT06596473
AAV5-hRKp.RPGR,2024-12-06_09:18:44,NCT05926583
SIM0270,2024-12-06_09:16:31,NCT06680921
RMC-9805,2024-12-06_09:55:33,NCT06040541
Supportive care measures,2024-12-06_09:55:10,NCT06356311
Acasunlimab,2024-12-06_09:06:25,NCT06635824
DTX401,2024-12-06_09:06:11,NCT05139316
OCTA-C1-INH,2024-12-06_08:50:17,NCT06361537
STX-241,2024-12-06_08:48:39,NCT06567015
Histamine H2-receptor antagonists,2024-12-06_08:44:44,NCT06132958
AJ1-11095,2024-12-06_08:40:55,NCT06343805
type I JAK2 inhibitor,2024-12-06_08:40:55,NCT06343805
non-myeloablative lymphodepletion,2024-12-06_09:26:45,NCT05727904
TROP2-CAR-NK,2024-12-06_09:24:09,NCT05922930
STX-721,2024-12-06_09:22:54,NCT06043817
STX-721\,2024-12-06_09:22:54,NCT06043817
Volrustomig,2024-12-06_08:35:37,NCT06535607
Cytokine Induced Memory-like Natural Killer Cells,2024-12-04_10:26:17,NCT06138587
positive airway pressure therapy,2024-12-04_10:24:52,NCT06146101
IHL-42X,2024-12-04_10:24:52,NCT06146101
IHL-42X High Dose (Phase 2 Investigational Product - IHL-42X High dose),2024-12-04_10:24:52,NCT06146101
IHL-42X Low Dose (Phase 2 Investigational Product - IHL-42X Low dose),2024-12-04_10:24:52,NCT06146101
ABP 234,2024-12-04_10:05:04,NCT06311721
TCR reserved and Power3 gene knock-out allogeneic CD19-targeting CAR-T cell (ATHENA-2 CAR-T),2024-12-04_10:03:40,NCT06323525
Chlorotoxin (EQ)-CD28-CD3zeta-CD19t-expressing CAR T-lymphocytes (Chlorotoxin-CD28-CD3z-CD19t-expressing CAR T-cells),2024-12-04_10:00:49,NCT04214392
aTIV,2024-12-04_09:33:12,NCT06087640
TIV,2024-12-04_09:33:12,NCT06087640
aQIV,2024-12-04_09:33:12,NCT06087640
Placebo,2024-12-04_06:06:28,NCT06607484
SR-878,2024-12-04_06:06:28,NCT06607484
AMG 305,2024-12-04_06:02:11,NCT05800964
GSK5764227,2024-12-04_05:48:58,NCT06551142
BGB-58067,2024-12-06_08:56:55,NCT06589596
PDS01ADC,2024-12-06_08:55:13,NCT04708470
REGN7544,2024-12-06_08:54:59,NCT06593600
AZD5492,2024-12-06_08:53:49,NCT06542250
PD-RBD,2024-12-04_04:33:22,NCT06710574
iRBD,2024-12-04_04:33:22,NCT06710574
FB418 (FB418 active drug),2024-12-04_03:25:00,NCT05995782
Remternetug (LY3372993),2024-12-04_03:13:34,NCT06653153
Tirzepatide (LY3298176 (development code name); Mounjaro (brand name in certain regions); Zepbound (brand name in certain regions)),2024-12-04_02:18:18,NCT06518837
100 µCi [14C] HMPL-306 (100 µCi [14C] HMPL-306 suspension),2024-12-04_01:38:23,NCT06671873
U-13C-glucose,2024-12-04_00:03:14,NCT05736367
KH658,2024-12-03_23:38:25,NCT06458595
Paclitaxel Polymeric Micelles for Injection,2024-12-03_23:13:53,NCT06143553
antibody-drug conjugates,2024-12-03_23:13:53,NCT06143553
KO-2806,2024-12-03_12:23:53,NCT06026410
BG-T187,2024-12-03_12:19:11,NCT06598800
[68Ga]Ga-PentixaFor ([68Ga]Ga-PTF),2024-12-03_12:13:22,NCT06125028
ABBV-RGX-314 Dose 2 (RGX-314),2024-12-03_07:30:24,NCT05407636
ABBV-RGX-314 Dose 1 (RGX-314),2024-12-03_07:30:24,NCT05407636
INCB160058,2024-12-03_07:09:58,NCT06313593
P. vivax challenge agent derived from PvHMB-CCE001,2024-12-03_07:09:44,NCT06607003
P. vivax challenge agent derived from PvHMB-CCE002,2024-12-03_07:09:44,NCT06607003
RSVPreF3 OA investigational vaccine,2024-12-03_07:06:57,NCT06614725
IPN01194,2024-12-03_07:06:20,NCT06305247
Olvimulogene nanivacirepvec,2024-12-03_07:05:27,NCT06463665
tumor treating fields,2024-12-03_07:03:51,NCT01906385
Plozasiran Injection (ARO-APOC3),2024-12-03_07:03:39,NCT06347016
Qingzhu Granules,2024-12-03_07:03:31,NCT06068478
INDV-6001,2024-12-03_07:01:59,NCT06576843
BCG therapy,2024-12-03_06:49:14,NCT06351904
RAG-01,2024-12-03_06:49:14,NCT06351904
[11C]AZ1419 3391,2024-12-03_06:47:12,NCT05417594
[68Ga]Ga-DPI-4452,2024-12-03_07:12:13,NCT05706129
[177Lu]Lu-DPI-4452,2024-12-03_07:12:13,NCT05706129
ANS014004,2024-12-03_06:36:56,NCT06307795
AMP945,2024-12-03_06:30:06,NCT05355298
tuvusertib,2024-12-03_06:26:19,NCT05947500
Blood samples,2024-12-02_23:32:44,NCT06600802
TQB2102 for injection,2024-12-02_23:32:04,NCT06452706
Tociluzumab,2024-12-02_23:26:36,NCT04712097
TPX-115(allogeneic fibroblasts),2024-12-02_23:17:13,NCT06533540
Belrestotug,2024-12-02_12:48:28,NCT06062420
Nelistotug,2024-12-02_12:48:28,NCT06062420
CT3001,2024-12-02_11:43:31,NCT06598007
Tolinapant (ASTX 660; ASTX660; XIAP/cIAP1 Antagonist ASTX660),2024-12-02_11:40:06,NCT06590558
volumetric modulated arc therapy,2024-12-02_09:33:02,NCT06606847
Active drug for acute migraine treatment,2024-12-02_09:01:30,NCT06617832
BEBT-109 Capsule (KCBT-1083),2024-12-02_08:56:22,NCT06706713
BH-30643,2024-12-02_08:26:18,NCT06706076
MB310,2024-12-02_08:17:12,NCT06582264
DB-1303/BNT323,2024-12-02_07:11:33,NCT06018337
[177Lu]Lu-PentixaTher,2024-12-02_05:50:54,NCT06356922
Prophylactic Intervention for Relapse Prevention Post-Allogeneic Transplantation,2024-12-02_05:24:46,NCT06612944
GEN1286,2024-12-02_05:10:41,NCT06685068
Stannous Fluoride Toothpaste (Parodontax Complete Protection Toothpaste),2024-12-02_04:40:46,NCT06660069
CPC Mouthwash (Parodontax Active Gum Health Mouthwash),2024-12-02_04:40:46,NCT06660069
Regular Fluoride Toothpaste (Crest Cavity Protection),2024-12-02_04:40:46,NCT06660069
NK cell therapy,2024-12-02_04:31:29,NCT06687681
M9466,2024-12-02_04:22:39,NCT06421935
"Tuvusertib (Substance code MSC2584415A; also known as M1774, VXc-400, or VR 1363004)",2024-12-02_04:22:39,NCT06421935
BNT327,2024-12-02_04:10:32,NCT06449222
maplirpacept (PF-07901801),2024-12-02_03:18:54,NCT05896163
SGN-MesoC2 (HBM9033),2024-11-30_22:07:52,NCT06466187
PAS-004,2024-11-30_06:04:12,NCT06299839
PAS-004 Capsules,2024-11-30_06:04:12,NCT06299839
DB-1311,2024-11-30_05:34:02,NCT05914116
PDS01ADC,2024-11-30_01:05:45,NCT05286814
partial gastrectomy,2024-11-29_22:16:58,NCT05495854
HUFF-01,2024-11-29_22:16:57,NCT06361433
H2 Receptor Antagonist,2024-11-29_22:05:19,NCT05319730
Plozasiran Injection (ARO-APOC3),2024-11-29_09:44:31,NCT06347133
Atrial fibrillation ablation,2024-11-29_09:07:45,NCT06506903
Ascending aortic aneurysm replacement,2024-11-29_09:07:45,NCT06506903
Ascending aortic aneurysm repair,2024-11-29_09:07:45,NCT06506903
NXP800,2024-11-29_09:05:42,NCT05226507
MEN2312,2024-11-29_09:05:11,NCT06638307
BNT314,2024-11-29_09:04:56,NCT06150183
"M1774 (MSC2584415A; Tuvusertib; VXc-400; VRT-1363004; 2-Amino-6-fluoro-pyrazolo[1,5-a] pyrimidine-3-carboxylic acid [5-fluoro-4-(3-methyl-3H-imidazol-4-yl)-pyridin-3-yl]-amide)",2024-11-29_08:53:02,NCT06518564
IBI129,2024-12-03_06:24:03,NCT05991349
amniotic suspension allograft,2024-12-03_04:59:34,NCT06704893
Remternetug (LY3372993),2024-12-03_03:03:35,NCT06647498
SHR-6209,2024-12-03_01:43:39,NCT05594095
SHR-1167,2024-12-03_01:43:39,NCT05594095
"albumin-paclitaxel, capecitabine, vinorelbine, and irbribulin",2024-12-03_01:43:39,NCT05594095
SHR-A2009,2024-12-03_01:43:39,NCT05594095
TMP-301,2024-12-03_01:13:27,NCT06648655
Sacituzumab govitecan-hziy (SG) (GS-0132; IMMU-132; Trodelvy™),2024-11-29_08:47:07,NCT05633654
IMNN-001,2024-11-29_08:46:49,NCT05739981
REGN10597,2024-11-29_08:40:00,NCT06413680
HER3-DXd (CTM-3 Lyo-DP),2024-11-28_05:37:42,NCT03260491
HER3-DXd (CTM-1 Lyo-DP),2024-11-28_05:37:42,NCT03260491
HER3-DXd (FL-DP),2024-11-28_05:37:42,NCT03260491
GTB-360 (anti-CD16/IL-15/anti-CD33),2024-11-28_04:47:42,NCT06594445
IBI3001,2024-11-28_03:11:12,NCT06349408
Post-Transplant Cyclophosphamide (Cytoxan®; PTCy),2024-11-29_09:19:00,NCT06001385
"Therapeutic CEA, Brachyury and MUC1 TriAdeno Vaccine Platform",2024-11-29_09:08:30,NCT06149481
HRS-8080,2024-11-27_12:43:53,NCT06222879
SHR-A2009,2024-11-27_12:43:53,NCT06222879
ADI-270,2024-11-27_12:28:51,NCT06480565
GI-102,2024-11-27_12:20:02,NCT05824975
Volrustomig,2024-11-27_12:03:40,NCT06079671
AB801,2024-11-27_10:11:03,NCT06120075
[18F]RCCB6 ([18F]F-RESCA-RCCB6),2024-11-27_08:23:38,NCT06680089
A fiixed combination of Chinese herbal medicine,2024-11-27_06:46:07,NCT06703788
radiation,2024-11-27_06:03:30,NCT06569680
allo-APZ2-CVU,2024-11-27_05:24:55,NCT06489028
Cord blood graft,2024-11-27_04:52:29,NCT05884333
Conditioning Chemotherapy,2024-11-27_04:52:29,NCT05884333
DS-2243a,2024-11-27_04:14:54,NCT06644755
Nimacimab,2024-11-27_03:01:53,NCT06577090
DSB2455,2024-11-27_02:51:17,NCT06458712
SN301A (Fludarabine; Cyclophosphamide),2024-11-27_02:46:13,NCT06652243
BNT327,2024-11-27_01:34:31,NCT06449209
AZD0171,2024-11-27_00:30:51,NCT05061550
Rilvegostomig,2024-11-27_00:30:51,NCT05061550
iNeo-Vac-P01 (Neoantigen peptides),2024-11-26_23:15:53,NCT05307835
AAA617,2024-11-26_17:39:36,NCT05939414
SynKIR-310,2024-11-26_17:33:45,NCT06544265
TmPSMA-02 CAR T Cells,2024-11-29_09:42:50,NCT06046040
HER3-DXd (U3-1402; MK-1022),2024-11-29_09:41:47,NCT04165070
Ifinatamab Deruxtecan (I-DXd) (DS-7300a; MK-2400),2024-11-29_09:41:47,NCT04165070
Lartesertib,2024-11-29_09:33:01,NCT06433219
Tuvusertib,2024-11-29_09:33:01,NCT06433219
NY-ESO-1 TCR/IL-15 NK,2024-11-26_17:27:27,NCT06083883
Abiprubart (KPL-404),2024-11-26_17:26:11,NCT06531395
ATI-2138,2024-11-26_17:24:32,NCT06585202
Axi-cel (Axicabtagene ciloleucel; KTE-C19; KTE-X19),2024-11-26_17:22:59,NCT06213311
VEGF pathway antagonist,2024-11-26_17:19:09,NCT05665361
[177Lu]Lu-NeoB (lutetium neoB),2024-11-26_17:12:19,NCT06247995
[68Ga]Ga-NeoB (gallium NeoB),2024-11-26_17:12:19,NCT06247995
Rilvegostomig (Other Name: AZD2936),2024-11-26_17:11:28,NCT04686305
Volrustomig (Other Name: MEDI5752),2024-11-26_17:11:28,NCT04686305
aerosolized aztreonam,2024-11-26_17:48:00,NCT05777603
aerosolized vancomycin,2024-11-26_17:48:00,NCT05777603
Daratumumab SC,2024-11-26_17:45:51,NCT05907759
AZD0486,2024-11-26_17:42:45,NCT06549595
Dupilumab Dose A,2024-11-26_16:57:06,NCT06389136
Listaftoclax,2024-11-26_16:54:16,NCT06401603
Dual-targeting CLDN18.2 and PD-L1 CAR-T cells,2024-11-26_11:46:19,NCT06084286
AZD7798,2024-11-26_11:32:17,NCT06432764
[11C]AZ14132516,2024-11-26_11:32:17,NCT06432764
RD06-04 CART Cell,2024-11-26_11:21:44,NCT06549296
AcNK-Sup003 cell,2024-11-26_09:19:12,NCT06693973
proton therapy,2024-11-26_00:10:15,NCT03480971
Shigella4V2,2024-11-25_23:50:23,NCT06615375
target immunotherapy,2024-11-25_12:34:35,NCT06301399
Tetanus and Diphtheria Toxoids Adsorbed (DECAVAC; Td; Tetanus and Diphtheria Toxoids Adsorbed for Adult Use),2024-11-25_12:11:30,NCT06639074
Diphtheria Toxoid/Tetanus Toxoid/Acellular Pertussis Vaccine Adsorbed (Adacel; Daptacel; Diphtheria and Tetanus Toxoids and Acellular Pertussis Vaccine Adsorbed; Diphtheria Toxoid Tetanus Toxoid Acellular Pertussis Vaccine Adsorbed; Diphtheria Toxoid/Tetanus Toxoid/Acellular Pertussis Vaccine; DTaP; Infanrix; Tripedia),2024-11-25_12:11:30,NCT06639074
"hyperpolarized pyruvate +/-urea (13C/15N) (13C-Pyruvate,15N-urea)",2024-11-25_07:59:20,NCT06391034
"Non-interventional hormone therapy (Non-interventional, systemic hormone therapy)",2024-11-25_07:59:20,NCT06391034
Belantamab (GSK2857914),2024-11-25_07:37:28,NCT05714839
Belantamab and belantamab mafodotin (GSK2857914 and GSK2857916),2024-11-25_07:37:28,NCT05714839
DC1 native/mutated ESR1,2024-11-25_07:28:39,NCT06691035
Chemotherapy （Etoposide and Carboplatin） (Etoposide+Carboplatin),2024-11-25_07:16:28,NCT06698965
Immunotherapy （Envafolimab） (Envafolimab),2024-11-25_07:16:28,NCT06698965
ABSK061+ABSK043 in combination with CAPOX,2024-11-25_05:15:54,NCT06632262
third-generation ALK inhibitor,2024-11-25_04:40:57,NCT03917043
ASP2016,2024-11-25_03:21:02,NCT06483802
InnoPCV,2024-11-25_02:27:00,NCT06497010
JYP0322,2024-11-25_02:26:22,NCT06128148
FMC-376,2024-11-25_02:15:58,NCT06244771
Serplulimab,2024-11-25_02:14:58,NCT06394661
"Subcutaneous (SC) injections of OKZ 64 milligrams (mg) every 4 weeks (q4w), one injection of 0.4 millilitre (mL)",2024-11-25_02:10:25,NCT06440746
ASP5502,2024-11-25_02:07:55,NCT06544642
Rilvegostomig,2024-11-22_22:09:33,NCT01042379
VSV-IFNβ-NIS (VOYAGER V1™; VV1),2024-11-22_22:09:33,NCT01042379
RO7507062,2024-11-22_05:33:14,NCT05835986
RP2,2024-11-22_05:21:00,NCT05733598
ABX-002,2024-11-22_05:16:26,NCT06633016
AZD3470,2024-11-22_05:16:03,NCT06137144
Lubricating Eye Drops,2024-11-22_05:16:23,NCT06365853
[89Zr]Zr-BI 764532,2024-11-22_05:13:59,NCT05963867
Vusolimogene Oderparepvec,2024-11-22_05:11:07,NCT06264180
MAR,2024-11-22_05:09:21,NCT06597058
REM-422,2024-11-26_17:06:22,NCT06297941
Plozasiran Injection (ARO-APOC3),2024-11-26_17:04:11,NCT06347003
ALXN1850,2024-11-26_17:03:11,NCT06079359
CD19/CD22-CAR-transduced T cells,2024-11-26_17:01:01,NCT05442515
single layer amniotic membrane,2024-11-22_05:05:40,NCT06564831
Serplulimab,2024-11-22_05:05:22,NCT05468489
non-vitamin K antagonist (VKA) oral anticoagulant (NOAC),2024-11-22_05:04:26,NCT06521463
mFOLFIRINOX Treatment Regimen (Fluorouracil; Folinic acid; Camptosar; Eloxatin),2024-11-22_04:38:23,NCT04683315
Gemcitabine/Nab-paclitaxel Treatment Regimen (Gemzar; Abraxane),2024-11-22_04:38:23,NCT04683315
RD06-04 CART Cell,2024-11-22_04:37:13,NCT06548607
PRAME-TCR-NK cells,2024-11-22_04:32:48,NCT06383572
SAR442501,2024-11-22_04:30:06,NCT06067425
second-generation H1-antihistamines,2024-11-22_04:29:59,NCT05677451
PYC-001,2024-11-22_04:28:14,NCT06461286
Ex-Vivo expanded autologous IL-8 receptor (CXCR2) modified CD70 CAR (8R-70CAR) T cells,2024-11-22_04:26:22,NCT05353530
anti-sialorrhea therapy,2024-11-22_04:09:25,NCT06553027
CVN424 150 mg,2024-11-22_04:09:25,NCT06553027
CVN424 75 mg,2024-11-22_04:09:25,NCT06553027
MB-dNPM1-TCR.1,2024-11-22_04:09:12,NCT06424340
CDX-622,2024-11-21_06:49:37,NCT06650761
VVD-130037,2024-11-22_04:53:34,NCT05954312
Gotistobart (A humanized anti-CTLA4 IgG1 monoclonal antibody; ONC-392; BNT316),2024-11-22_04:53:11,NCT05671510
SC262 (Cyclophosphamide; Fludarabine),2024-11-22_04:48:07,NCT06285422
"64Cu-GRIP B (granzyme B, 64-copper granzyme targeting restricted interaction peptide specific to family member B)",2024-11-22_04:42:56,NCT06522932
PM514,2024-11-21_01:26:30,NCT06690476
IPM514,2024-11-21_01:26:30,NCT06690476
AZD5004 (ECC5004),2024-11-20_10:53:00,NCT06555822
umbilical cord blood transplantation,2024-11-20_09:01:11,NCT06693791
Romiplostim N01,2024-11-20_09:01:11,NCT06693791
Beliumab,2024-11-20_08:22:06,NCT06691152
CD19 Universal CAR-T cells,2024-11-20_08:22:06,NCT06691152
PTT-4256,2024-11-20_07:54:40,NCT06634849
Influenza A/Texas/71/2017 (H3N2),2024-11-20_07:43:47,NCT06476275
Flu Seasonal/SARS-CoV-2 mRNA vaccine,2024-11-20_07:39:35,NCT06680375
GD2 CAR T cells,2024-11-20_07:34:22,NCT05544526
BAY3498264,2024-11-20_07:30:02,NCT06659341
AZD0780,2024-11-20_06:28:15,NCT06692764
Telmisartan/Amlodipine/Chlorthalidone 40/5/12.5 mg (Truset 40/5/12.5mg),2024-11-20_06:01:59,NCT06041529
"Telmisartan/Amlodipine/Hydrochlorothiazide 40/5/25 mg (Twynsta 40/5 mg, Dichlozid 25 mg)",2024-11-20_06:01:59,NCT06041529
TN-201,2024-11-20_05:47:37,NCT05836259
CD200AR-L,2024-11-20_05:45:27,NCT06305910
PBI-410 (BHV1510; GQ1010),2024-11-20_05:43:17,NCT06384807
KB707,2024-11-20_03:52:36,NCT05970497
Microbial Transplant Therapy (fecal transplant),2024-11-20_02:34:25,NCT05516472
R-pola-CHP,2024-11-20_02:06:26,NCT06693830
HMPL-306 Regimen,2024-11-19_22:16:34,NCT06387069
Salvage Chemotherapy Regimen,2024-11-19_22:16:34,NCT06387069
HMB-001,2024-11-19_22:07:28,NCT06211634
SYSA1901 (pertuzumab biosimilar),2024-11-19_22:07:11,NCT05720026
Ubamatamab,2024-11-22_04:21:25,NCT06444880
VVD-130850,2024-11-22_04:17:38,NCT06188208
R-2487,2024-11-19_14:49:40,NCT05961592
LY4050784,2024-11-19_14:49:18,NCT06561685
DCC-3084,2024-11-19_14:48:00,NCT06287463
LY3962673,2024-11-19_14:47:15,NCT06586515
LUCAR-20SP cells,2024-11-19_14:34:02,NCT06313957
LY4170156,2024-11-19_14:32:56,NCT06400472
KYV-101 anti-CD19 CAR-T cell therapy,2024-11-19_14:31:56,NCT06342960
Standard lymphodepletion regimen (Cyclophosphamide; Fludarabine),2024-11-19_14:31:56,NCT06342960
KRAS Vaccine with Poly-ICLC adjuvant (Hiltonol® (Poly-ICLC)),2024-11-19_14:24:46,NCT06411691
Rhu-pGSN (recombinant human gelsolin),2024-11-22_04:53:43,NCT05947955
BMS-986497,2024-11-19_14:23:21,NCT06419634
Artesunate ointment (Artesunic acid; Dihydroartemisinin (DHA); Artemisinin),2024-11-19_14:08:49,NCT06075264
RAPA-501 Autologous T cells,2024-11-19_14:03:45,NCT06169176
YH42946,2024-11-19_06:14:58,NCT06616766
Luveltamab tazevibulin (STRO-002; Luvelta),2024-11-19_00:57:37,NCT06679582
"Apimostinel Infusion, Intravenous",2024-11-18_10:25:00,NCT06400121
Docetaxel (Albumin-bound) (HB1801),2024-11-18_06:00:44,NCT06296706
AO-252,2024-11-18_01:20:20,NCT06136884
ABBV-291,2024-11-17_22:29:50,NCT06667687
RAPA-501 Autologous T cells (RAPA-501 cells),2024-11-15_07:05:12,NCT04220190
Universal CAR-T cells injection for treating HCC and NSCLC (REVO-UWD-03),2024-11-19_14:19:52,NCT06653023
LP-284,2024-11-19_14:15:41,NCT06132503
"Autologous, engineered T Cells targeting TP53 R175H",2024-11-15_06:42:32,NCT05877599
GS-4528,2024-11-15_06:34:03,NCT05840224
177Lu-NYM032 injection,2024-11-15_06:30:03,NCT06383052
CD123/CD33 CART (EB-BH2025),2024-11-15_06:29:56,NCT06420063
BI 1703880,2024-11-15_06:28:50,NCT05471856
ALTB-268,2024-11-15_06:23:12,NCT06109441
Flu Seasonal mRNA Formulation 4 (GSK4382276A),2024-11-19_06:32:05,NCT06431607
Flu Seasonal mRNA Formulation 5 (GSK4382276A),2024-11-19_06:32:05,NCT06431607
Flu Seasonal mRNA Formulation 10,2024-11-19_06:32:05,NCT06431607
Flu Seasonal mRNA Formulation 3 (GSK4382276A),2024-11-19_06:32:05,NCT06431607
Flu Seasonal mRNA Formulation 9 (GSK4382276A),2024-11-19_06:32:05,NCT06431607
Flu Seasonal mRNA Formulation 8 (GSK4382276A),2024-11-19_06:32:05,NCT06431607
Flu Seasonal mRNA Formulation 7 (GSK4382276A),2024-11-19_06:32:05,NCT06431607
Flu Seasonal mRNA Formulation 6 (GSK4382276A),2024-11-19_06:32:05,NCT06431607
Flu Seasonal mRNA Formulation 1 (GSK4382276A),2024-11-19_06:32:05,NCT06431607
Flu Seasonal mRNA Formulation 2 (GSK4382276A),2024-11-19_06:32:05,NCT06431607
ibuzatrelvir (PF-07817883),2024-11-19_06:29:32,NCT06646042
Pregabalin (Pregabalin Capsules (Lerika)),2024-11-19_04:49:30,NCT06512155
Zolpidem (Zolpidem Tartrate Tablets（Sinuosi）),2024-11-19_04:49:30,NCT06512155
KB707,2024-11-19_04:45:31,NCT06228326
Belrestotug,2024-11-19_04:40:06,NCT05277051
Nelistotug,2024-11-19_04:40:06,NCT05277051
GSK5764227,2024-11-19_04:40:06,NCT05277051
Rilvegostomig,2024-11-19_03:56:26,NCT06467357
68Ga-JH12,2024-11-19_03:47:12,NCT06688188
TEMIRI,2024-11-19_03:14:25,NCT06490536
Gemcitabine hydrochloride for injection (NSC 613327),2024-11-19_01:09:57,NCT06685796
BEBT-209 capsules (KCBT-0191),2024-11-19_01:09:57,NCT06685796
BMS-986484,2024-11-15_07:24:30,NCT06544655
NEU-111,2024-11-15_07:24:19,NCT06500442
DSG3-CAART,2024-11-15_07:24:23,NCT04422912
CABA-201,2024-11-15_07:24:23,NCT04422912
NVL-330,2024-11-15_07:24:10,NCT06521554
SGN-35C,2024-11-15_07:20:48,NCT06254495
ASP2802 (MACT),2024-11-15_07:16:05,NCT06248086
MA-20 (ASP101G; MicAbody),2024-11-15_07:16:05,NCT06248086
NKT3964,2024-11-15_07:11:18,NCT06586957
TCR -T cell therapy,2024-11-15_07:09:44,NCT05587543
BMS-986369 (Golcadomide; CC-99282),2024-11-15_06:16:27,NCT06035497
GS-1720/GS-4182 FDC,2024-11-15_05:38:37,NCT06613685
GS-1720,2024-11-15_05:38:37,NCT06613685
GS-4182,2024-11-15_05:38:37,NCT06613685
68Ga-NYM005,2024-11-15_05:15:47,NCT06389682
suppressive therapy,2024-11-15_05:09:34,NCT05787561
Stapokibart,2024-11-13_09:44:06,NCT06525597
Cytokine-induced memory-like natural killer cells (ML NK cells; CIML),2024-11-13_08:35:03,NCT05629546
targeted synthetic Disease-Modifying Antirheumatic Drug,2024-11-13_04:22:05,NCT06087406
Imvotamab,2024-11-13_04:22:05,NCT06087406
biological Disease-Modifying Antirheumatic Drugs,2024-11-13_04:22:05,NCT06087406
StrataMGT,2024-11-13_02:43:46,NCT06662942
177Lu-TLX591,2024-11-12_12:01:37,NCT06520345
177Lu-TLX591 (Lutetium (177Lu) rosopatamab tetraxetan),2024-11-12_12:01:37,NCT06520345
PRT7732,2024-11-12_07:40:11,NCT06560645
BL-M17D1,2024-11-15_05:52:38,NCT06503783
"NT-112: Autologous, engineered T Cells targeting KRAS G12D",2024-11-15_05:47:24,NCT06218914
CD19/CD22-CAR T cells (EB-BH2024),2024-11-15_05:43:58,NCT06213636
KT-621,2024-11-12_07:24:42,NCT06673667
XB010,2024-11-12_06:56:41,NCT06545331
progestin intrauterine device placement,2024-11-12_06:40:52,NCT04576104
B7-H3-CAR T cells,2024-11-15_05:07:51,NCT05835687
GS-9911,2024-11-15_05:05:07,NCT06082960
Teclistamab (Tec) (JNJ-64007957),2024-11-14_04:02:00,NCT05695508
3rd ARV Agent,2024-11-12_06:25:32,NCT06337032
DRV,2024-11-12_06:25:32,NCT06337032
F/TAF (High Dose TOS),2024-11-12_06:25:32,NCT06337032
F/TAF (Low Dose TOS),2024-11-12_06:25:32,NCT06337032
F/TAF (Lowest Dose TOS),2024-11-12_06:25:32,NCT06337032
F/TAF (Lowest Dose Tablet),2024-11-12_06:25:32,NCT06337032
Nucleos(t)ide reverse transcriptase inhibitors (NRTI),2024-11-12_06:25:32,NCT06337032
E/C/F/TAF (Low Dose),2024-11-12_06:25:32,NCT06337032
F/TAF (Low Dose Tablet),2024-11-12_06:25:32,NCT06337032
ANV600,2024-11-12_06:24:01,NCT06470763
SGB-3908,2024-11-12_00:26:09,NCT06501586
Partially Engineered T-regulatory Cell Donor Graft TRGFT-201 (Orca-T; Partially Engineered and Enriched Treg Donor Graft TRGFT-201; T-cell-Depleted Graft With Additional Infusion of Conventional T Cells and Regulatory T Cells; TregGraft; TRGFT 201; TRGFT-201; TRGFT201),2024-11-11_08:24:11,NCT06195891
RLD2401,2024-11-11_06:52:45,NCT06595004
HCP1004,2024-11-11_06:52:45,NCT06595004
[111In]In-FL-020,2024-11-11_06:39:26,NCT06492122
[225Ac]Ac-FL-020,2024-11-11_06:39:26,NCT06492122
adjuvant immunotherapy,2024-11-11_06:35:18,NCT06475807
BBO-8520,2024-11-11_06:28:22,NCT06343402
anti-GPC3 CAR-T (CBG166 CAR-T),2024-11-11_06:15:10,NCT06461624
platin,2024-11-11_05:04:11,NCT03252938
LB-LR1109,2024-11-11_04:56:30,NCT06332755
Inaticabtagene autoleucel,2024-11-11_04:55:43,NCT06608732
AZD3470,2024-11-11_04:32:12,NCT06130553
PF-07921585,2024-11-11_03:50:08,NCT06580938
Arsenous Acid,2024-11-11_03:13:30,NCT06678048
JY231 Injection,2024-11-11_02:56:57,NCT06678282
pucotenlimab,2024-11-11_02:40:32,NCT06192797
Senl_B19 autologous CAR-T (S1904) treatment,2024-11-11_01:53:54,NCT06581081
T-cell Receptor-engineered T-cells (T-cell Receptor-engineered T Cells; T-cell Receptor-engineered T-lymphocytes; TCR T Cells; TCR T-cells; TCR-engineered T-cells; TCR-modified T Cells),2024-11-10_23:58:19,NCT06043713
PF-08046050 (SAR445953; SGN-CEACAM5C),2024-11-08_08:59:27,NCT06131840
LUCAR-G39D cells product,2024-11-08_08:35:08,NCT06395870
PRO1184 intravenous infusion of PRO1184,2024-11-08_09:13:20,NCT05579366
Magnesium Chloride-based Lotion (Ancient Minerals Magnesium Lotion; Magnesium Chloride Lotion),2024-11-08_08:11:30,NCT05294367
Epigallocatechin gallate (EGCG) (Teavigo),2024-11-08_08:02:27,NCT06015022
ASP4396,2024-11-08_08:00:27,NCT06364696
177Lu HTK03170,2024-11-08_07:49:50,NCT05570994
68Ga-HTK03149,2024-11-08_07:49:50,NCT05570994
next generation ARAT therapy,2024-11-08_07:49:50,NCT05570994
AMG 355,2024-11-08_08:33:05,NCT06131398
KGX101,2024-11-08_08:27:24,NCT06074497
BCMA/CD19 CAR-T cells,2024-11-08_07:47:41,NCT06428188
AB-2100,2024-11-08_07:47:28,NCT06245915
MOv18 IgE,2024-11-08_07:40:09,NCT06547840
AZD4604,2024-11-08_07:39:37,NCT06435273
N332-GT5 gp140,2024-11-08_07:38:48,NCT06033209
SMNP,2024-11-08_07:38:48,NCT06033209
JP-1366,2024-11-07_03:38:21,NCT06439563
IM19 CAR-T cells (CD19 CAR-T cells),2024-11-07_03:32:36,NCT06513429
BLT,2024-11-07_02:38:29,NCT06569537
INV-9956,2024-11-06_06:49:45,NCT06609005
AZD0780,2024-11-06_06:39:31,NCT06671405
VXA-CoV2-3.1,2024-11-06_06:37:18,NCT06672055
B10 L-BPA Injection,2024-11-06_06:20:25,NCT06668987
proton therapy,2024-11-06_06:20:25,NCT06668987
heavy ion therapy,2024-11-06_06:20:25,NCT06668987
ABO2102,2024-11-06_05:57:49,NCT06577532
BIIB091,2024-11-06_03:48:22,NCT06640933
Standard lymphodepletion regimen (Cyclophosphamide; Fludarabine),2024-11-06_03:45:50,NCT06588491
Constitutional exome analysis,2024-11-06_03:44:16,NCT06550674
"BTX-A51 (C32H41ClN6O6S2; (1r,4r)-N 1-(5-chloro-4-(5-(cyclopropylmethyl)-1-methyl-l H pyrazol-3-yl)pyrimidin-2-yl)cyclohexane-l ,4-diamine bis(4-methylbenzenesulfonate),)",2024-11-06_02:58:23,NCT06414434
1A46 Drug Substance,2024-11-06_02:38:36,NCT05987605
"As per the germline BRCA1/2 mutation status, the selection of either Fluzopalil or capecitabine in combination with Camrelizumab is made for adjuvant therapy.",2024-11-06_01:09:04,NCT06533384
CAN2109,2024-11-05_11:14:34,NCT06332430
DM001,2024-11-05_08:43:24,NCT06475937
ASP1002,2024-11-08_07:43:22,NCT05719558
Mervometostat (PF-06821497) (EZH2i),2024-11-05_06:48:33,NCT03460977
[212Pb]VMT01,2024-11-05_06:43:41,NCT05655312
[Ac-225]-PSMA-62 (BCR),2024-11-05_06:40:53,NCT06229366
[Ac-225]-PSMA-62 (mCRPC),2024-11-05_06:40:53,NCT06229366
5-methyltetrahydrofolate (5-MTHF) (5-MTHF),2024-11-04_23:42:42,NCT04974151
ALM-488,2024-11-04_07:21:56,NCT05377554
rivalutamide,2024-11-04_06:45:46,NCT06663007
apatamide,2024-11-04_06:45:46,NCT06663007
darotamine,2024-11-04_06:45:46,NCT06663007
AZD0022,2024-11-04_03:22:18,NCT06599502
AT-1965 Liposome,2024-11-04_03:20:00,NCT06234098
CT103A cells,2024-11-04_02:22:26,NCT04561557
IMPT-514,2024-11-04_00:40:58,NCT06153095
ABO2011 Injection (ABO2011; ABOD2011),2024-11-04_00:37:10,NCT06088004
anti-CD33 drug conjugate,2024-11-04_00:30:42,NCT04219163
CLL-1.CAR T cells,2024-11-04_00:30:42,NCT04219163
EYE201 (Tiespectus; MK-8748),2024-11-04_00:24:53,NCT06664502
ART6043,2024-11-04_00:16:00,NCT05898399
AZD5851,2024-11-03_23:57:38,NCT06084884
XL495,2024-11-05_07:07:44,NCT06630247
antibody-drug conjugate cytotoxic agent,2024-11-05_07:07:44,NCT06630247
BTX-9341,2024-11-01_09:46:58,NCT06515470
Allogeneic peripheral blood stem cell,2024-11-01_09:26:54,NCT03910452
7x10(5) CART-38 cells,2024-11-05_06:29:41,NCT05442580
3x10(6) CART-38 cellls,2024-11-05_06:29:41,NCT05442580
7x10(6) CART-38 cells,2024-11-05_06:29:41,NCT05442580
3x10(7) CART-38 cells,2024-11-05_06:29:41,NCT05442580
NDV01 intravesical controlled release formulation of gemcitabine and docetaxel (Gemcitabine and docetaxel),2024-11-05_03:55:27,NCT06663137
EYP-1901,2024-11-05_03:37:54,NCT06668064
WJ47156,2024-11-05_01:29:59,NCT06571422
(Z)-endoxifen,2024-11-01_09:59:18,NCT05607004
Interferon infiltration of the inoculation site,2024-11-01_09:57:13,NCT06072612
Biotin-labeled red blood cells,2024-11-01_09:56:59,NCT06313398
monoclonal antibody,2024-10-30_11:43:25,NCT04262466
STX-001,2024-10-30_08:03:38,NCT06249048
mRNA-3745,2024-10-30_05:10:35,NCT05095727
romiplostim N01,2024-10-30_03:52:00,NCT06658834
Decoy-resistant interleukin-18 (Engineered IL-18 Variant ST-067; Engineered Interleukin-18 Variant ST-067; ST 067; ST-067; ST067; VEVOCTADEKIN; DR-18),2024-10-30_03:45:00,NCT06492707
ATX-559,2024-10-30_03:42:53,NCT06625515
"Cytarabine (.beta.-Cytosine arabinoside; 1-.beta.-D-Arabinofuranosyl-4-amino-2(1H)pyrimidinone; 1-.beta.-D-Arabinofuranosylcytosine; 1-Beta-D-arabinofuranosyl-4-amino-2(1H)pyrimidinone; 1-Beta-D-arabinofuranosylcytosine; 1.beta.-D-Arabinofuranosylcytosine; 2(1H)-Pyrimidinone, 4-Amino-1-beta-D-arabinofuranosyl-; 2(1H)-Pyrimidinone, 4-amino-1.beta.-D-arabinofuranosyl-; Alexan; Ara-C; ARA-cell; Arabine; Arabinofuranosylcytosine; Arabinosylcytosine; Aracytidine; Aracytin; Aracytine; Beta-Cytosine Arabinoside; CHX-3311; Cytarabinum; Cytarbel; Cytosar; Cytosine Arabinoside; Cytosine-.beta.-arabinoside; Cytosine-beta-arabinoside; Erpalfa; Starasid; Tarabine PFS; U 19920; U-19920; Udicil; WR-28453)",2024-10-30_01:05:43,NCT05157971
BGB-21447,2024-10-29_05:05:52,NCT05828589
DPD inhibitor,2024-10-29_05:03:12,NCT03597581
BEAM-302,2024-11-01_10:12:38,NCT06389877
LUCAR-G39P cells product,2024-11-01_09:08:19,NCT06295549
FDA-approved gadolinium-based intravenous contrast agent (gadopiclenol; gadobenate dimuglumine),2024-10-29_04:57:23,NCT06086704
INT2104,2024-10-29_04:34:08,NCT06539338
XZB-0004,2024-10-30_02:21:41,NCT05772455
PRG2302,2024-10-30_02:06:12,NCT06659653
iC9-CAR.B7-H3 T Cell Therapy (iC9-CAR.B7-H3 T cells),2024-10-29_04:04:58,NCT06347068
BZ371A 7.5 mg (1.5 ml) (BZ371A),2024-10-28_12:20:40,NCT06116045
BZ371A 5.0 mg (1.0 ml) (BZ371A),2024-10-28_12:20:40,NCT06116045
BZ371A 2.5 mg (0.5 ml) (BZ371A),2024-10-28_12:20:40,NCT06116045
BZ371A,2024-10-28_12:20:40,NCT06116045
β-globin restored autologous hematopoietic stem cells,2024-10-28_10:34:33,NCT06655662
DCC-3009,2024-10-28_03:59:56,NCT06630234
anti-CD70-CAR-T cells,2024-10-28_03:53:57,NCT06586658
2 DOSES OF DEXAMETHASONE AND TRANEXAMIC ACID,2024-10-28_03:10:07,NCT06653699
Subcutaneous polyvidone collagen (Fibroquel),2024-10-28_03:04:05,NCT06656169
small molecule inhibitor,2024-10-28_01:42:13,NCT05267626
Clascoterone 1% Top Cream,2024-10-28_00:09:44,NCT05891795
KYV-101,2024-10-26_13:14:25,NCT06152172
YL201 for Injection,2024-10-26_10:22:10,NCT06241846
KSQ-001EX,2024-10-25_07:13:46,NCT06237881
iC9-CAR.B7-H3 T cells (iC9-CAR.B7-H3 T),2024-10-29_04:23:05,NCT06305299
Coenzyme Q10 Forte® capsules,2024-10-25_06:12:47,NCT05984745
immediate implant with buccal plate augmentation using sticky bone,2024-10-25_05:48:27,NCT06642753
immediate implant with sticky bone as a filling material in the jumping gap,2024-10-25_05:48:27,NCT06642753
immunosuppressive thera[y,2024-10-25_06:29:58,NCT06411821
APL-5125,2024-10-25_06:29:05,NCT06399757
BGB-C354,2024-10-25_05:47:28,NCT06422520
LuPSMA,2024-10-25_05:42:47,NCT06401980
123I-ATT001,2024-10-24_04:02:26,NCT06650605
177Lu-NYM096,2024-10-24_01:49:03,NCT06649682
68Ga-NYM096,2024-10-24_01:49:03,NCT06649682
EBV-specific TCR-T cell with cytokine auto-secreting element,2024-10-25_06:06:48,NCT04509726
full-thickness penetrating corneal transplantation,2024-10-23_10:47:22,NCT05870566
golcadomide (BMS-986369; CC-99282),2024-10-23_08:02:49,NCT06271057
SLIT Grazax ALK Nordic 75 000 SQ-T,2024-10-23_05:31:52,NCT06061848
ILIT + Vitamin D (Alutard SQ timothy and Vicotrat D3),2024-10-23_05:31:52,NCT06061848
ILIT + placebo (Alutard SQ timothy and Sodium chloride),2024-10-23_05:31:52,NCT06061848
Karelizumab,2024-10-23_04:57:14,NCT06607770
CD19 CAR-T cell infusion,2024-10-23_04:33:58,NCT06106906
"HRS-5041 dose level 1 (HRS-5041 (single dose, oral administration, dose level 1))",2024-10-23_04:32:22,NCT06559007
"HRS-5041 dose level 2 (HRS-5041 (single dose, oral administration, dose level 2))",2024-10-23_04:32:22,NCT06559007
Lucid-21-302,2024-10-23_04:30:27,NCT06595706
Etanercept 50 mg sc day 1 and day 4,2024-10-23_03:40:58,NCT02987257
IVL4002,2024-10-23_02:16:43,NCT05620940
IVL3004,2024-10-23_02:16:43,NCT05620940
Vivitrol Injectable Product,2024-10-23_02:16:43,NCT05620940
RDX-002,2024-10-23_02:15:00,NCT06640972
CD19 Universal CAR-γδ T Cells,2024-10-23_01:10:33,NCT06106893
Bepirovirsen,2024-10-23_00:33:01,NCT06497504
Roflumilast 500 Mcg Oral Tablet,2024-10-23_00:28:10,NCT06643221
iC9-CAR.B7-H3 T cell infusion (Cellular Therapy),2024-10-25_05:41:40,NCT06158139
CD19x22 CAR T,2024-10-22_05:37:36,NCT06559189
PD-1 monoclonal antibody,2024-10-22_04:51:11,NCT06437522
177Lu-RAD204,2024-10-22_04:42:04,NCT06305962
PF-07899895,2024-10-22_04:37:32,NCT06137729
[212Pb]VMT-α-NET,2024-10-22_04:33:00,NCT05636618
In-111 rosopatamab tetraxetan,2024-10-22_05:34:02,NCT06549465
55 KBq/kg Ac-225 rosopatamab tetraxetan,2024-10-22_05:34:02,NCT06549465
60 KBq/kg Ac-225 rosopatamab tetraxetan,2024-10-22_05:34:02,NCT06549465
45 KBq/kg Ac-225 rosopatamab tetraxetan,2024-10-22_05:34:02,NCT06549465
Lu-177-PSMA-radioligand therapy,2024-10-22_05:34:02,NCT06549465
MK-0472,2024-10-22_04:23:59,NCT05853367
68Ga-FAPI-RGD for PET / CT scan and 177Lu-FAPI-RGD for therapy,2024-10-22_02:17:51,NCT06638034
Dexmeditomidine (Group D),2024-10-22_02:12:22,NCT06634524
SIBP-A17 (Her2-ADC),2024-10-22_01:37:09,NCT06512116
third generation TKI,2024-10-21_11:01:09,NCT06298058
SIBP-A13 formulation for injection (Her3-ADC),2024-10-21_11:01:09,NCT06298058
SIBP MMR Vaccine,2024-10-21_09:38:45,NCT06399003
conventional synthetic antirheumatic drugs,2024-10-21_05:21:16,NCT06640309
FYB206,2024-10-21_05:16:07,NCT06551064
anti-angiogenesis therapy,2024-10-21_05:14:31,NCT06076135
HER3 Monoclonal antibodies-Dose C,2024-10-21_04:58:00,NCT06194656
HER3 Monoclonal antibodies-Dose B,2024-10-21_04:58:00,NCT06194656
HER3 Monoclonal antibodies-Dose A,2024-10-21_04:58:00,NCT06194656
Gadolinium,2024-10-21_04:42:51,NCT04727242
E-SYNC T Cells (Anti-EGFRvIII synNotch Receptor Induced Anti-EphA2/IL-13R alpha2 CAR T Cells; Autologous Anti-EGFRvIII synNotch Receptor Induced Anti-EphA2/IL-13R alpha2 CAR T Cells; Autologous Anti-EGFRvIII synNotch Receptor Induced Anti-EphA2/IL-13Ra2 CAR T Cells),2024-10-21_03:11:03,NCT06186401
NEO100,2024-10-21_02:24:07,NCT05023018
NALIRIFOX,2024-10-21_01:52:32,NCT06008288
NEO212 Oral Capsule (POH-TMZ),2024-10-18_12:29:24,NCT06047379
FOLFIRI Protocol (Zaltrap),2024-10-18_12:29:24,NCT06047379
ENX-102,2024-10-18_08:47:25,NCT05749055
[11C]NNC-112,2024-10-18_06:26:03,NCT03190954
[11C]raclopride plus drug,2024-10-18_06:26:03,NCT03190954
PF-08046049,2024-10-18_05:55:50,NCT05571839
SGN-EGFRd2,2024-10-18_05:53:54,NCT05983133
SW-682,2024-10-18_05:49:47,NCT06251310
sigvotatug vedotin,2024-10-18_05:49:17,NCT06549816
NPX887,2024-10-18_05:31:57,NCT06240728
LAT010,2024-10-18_05:11:44,NCT06277219
LAT010 + ICI,2024-10-18_05:11:44,NCT06277219
CNS-directed therapy,2024-10-18_05:09:35,NCT04421560
Skin Xenotransplant (realSKIN®),2024-10-18_04:44:51,NCT06223269
Ixekizumab (LY2439821),2024-10-18_04:33:51,NCT06588283
Panzyga IVIG,2024-10-18_04:30:12,NCT04153422
GPC-100,2024-10-18_04:30:08,NCT05561751
H021,2024-10-18_02:17:04,NCT06627556
SAR442970,2024-10-17_23:51:46,NCT06500702
frexalimab,2024-10-17_23:51:46,NCT06500702
XKH002 Injection (XKH002),2024-10-17_22:39:15,NCT06196762
AXT-1003,2024-10-17_08:24:35,NCT06484985
YCT-529,2024-10-17_05:36:09,NCT06542237
CRD3874,2024-10-17_05:16:59,NCT06626633
microbiota transplant therapy,2024-10-17_02:20:56,NCT06481852
BGB-B2033,2024-10-17_01:49:53,NCT06427941
AV-1959D,2024-10-16_11:38:17,NCT05642429
bone graft surgery,2024-10-16_10:55:32,NCT05919745
Cytokine Induced Memory-like Natural Killer (CIML NK) Cells (NK Cells),2024-10-16_10:02:47,NCT06318871
ODX (Osteodex),2024-10-16_09:11:33,NCT06616389
Non-conforming afamitresgene autoleucel,2024-10-16_04:54:25,NCT06617572
Zinc-64 Aspartate (KLS-1),2024-10-16_02:18:39,NCT06506643
Anti-CD20 mAB,2024-10-16_02:11:10,NCT06384976
KYV-101,2024-10-16_02:11:10,NCT06384976
Standard lymphodepletion regimen,2024-10-16_02:11:10,NCT06384976
MNPR-101-PCTA-177Lu,2024-10-16_01:27:55,NCT06617169
Ixekizumab (LY2439821),2024-10-15_10:54:29,NCT06588296
Liquid Biopsy,2024-10-15_00:07:03,NCT06268405
P-BCMA-ALLO1 CAR-T cells,2024-10-15_00:06:01,NCT04960579
HM15211,2024-10-15_00:03:30,NCT04505436
drug-antibody conjugate,2024-10-14_10:52:41,NCT05318469
OCU410,2024-10-14_06:23:07,NCT06018558
LY-M001,2024-10-13_22:11:03,NCT06528080
2141-V11 Antibody,2024-10-13_22:09:49,NCT06347705
AMT-676,2024-10-13_22:09:19,NCT06400485
"Allogeneic T cell progenitors, cultured ex-vivo (SMART101)",2024-10-13_22:08:42,NCT04959903
AJ302-IM,2024-10-17_01:32:20,NCT06625541
HDG1901,2024-10-17_00:42:14,NCT06634927
TGFβ-B-15 peptide,2024-10-10_23:08:10,NCT05721846
YS5 antibody (YS5; Unmodified YS5 antibody),2024-10-14_08:40:05,NCT05245006
89Zr-DFO-YS5 (immunoPET agent; Imaging Agent),2024-10-14_08:40:05,NCT05245006
anti BCMA CAR T cell therapy,2024-10-14_08:26:52,NCT05801939
MELPIDA,2024-10-14_08:16:23,NCT05518188
YK012 (YK012 for Injection),2024-10-14_03:46:50,NCT06580301
CRD3874,2024-10-14_03:43:54,NCT06021626
ALE.F02,2024-10-14_03:15:13,NCT06047171
GS-1720/GS-4182 FDC,2024-10-12_22:21:12,NCT06544733
GS-1720,2024-10-12_22:21:12,NCT06544733
GS-4182,2024-10-12_22:21:12,NCT06544733
Placebo to Match GS1720/GS-4182 FDC,2024-10-12_22:21:12,NCT06544733
IPH6501,2024-10-12_22:16:37,NCT06088654
PCS6422 and capecitabine,2024-10-12_22:14:13,NCT06568692
ALE.C04,2024-10-11_04:55:59,NCT06054477
surgical revascularization,2024-10-11_04:40:59,NCT05622929
ABBV-303,2024-10-10_22:04:07,NCT06158958
GIM-531,2024-10-10_22:00:49,NCT06425926
ELI-002 7P,2024-10-10_21:59:18,NCT05726864
PF-07934040 (PF-4040),2024-10-10_21:54:22,NCT06447662
BDC-3042,2024-10-10_22:36:34,NCT06052852
keloidectomy,2024-10-10_22:35:13,NCT06373458
IMP1734,2024-10-10_21:42:52,NCT06253130
CD70-CAR T cell infusion (Autologous),2024-10-10_22:08:48,NCT06326463
S095035,2024-10-10_22:07:30,NCT06188702
GH21,2024-10-10_21:14:06,NCT06322095
Dara-CyBorD,2024-10-10_20:40:49,NCT06418477
BGB-26808,2024-10-10_20:38:05,NCT05981703
S1R antagonist,2024-10-10_20:37:47,NCT06574360
Bupivacain,2024-10-10_20:13:44,NCT06377605
SOT201,2024-10-10_20:00:27,NCT06163391
Personalized neoantigen DNA vaccine,2024-10-10_19:59:16,NCT03988283
Volrustomig,2024-10-10_19:42:04,NCT05702229
Rilvegostomig,2024-10-10_19:42:04,NCT05702229
AZD0901,2024-10-10_19:42:04,NCT05702229
volrustomig,2024-10-10_19:42:04,NCT05702229
rilvegostomig,2024-10-10_19:42:04,NCT05702229
PF-07826390 (LILRB1/2),2024-10-10_19:35:35,NCT06546553
HIF2a inhibitor,2024-10-10_19:35:35,NCT06546553
DB-1303/BNT323,2024-10-10_19:31:23,NCT05150691
autologous neutriphil cells,2024-10-10_11:41:38,NCT06496724
CHO-H01 at RP2D,2024-10-10_11:04:41,NCT05950165
Cell Infusion,2024-10-10_10:44:17,NCT06412497
DV (RC48),2024-10-10_10:42:24,NCT06354231
Neuprozin Mito,2024-10-10_06:19:30,NCT06431113
TG4050,2024-10-10_19:40:54,NCT04183166
PBA-0405 (PB004.22.0405.aF),2024-10-10_19:38:00,NCT06273852
MAQ-001,2024-10-05_19:20:29,NCT06514651
EXL01,2024-10-05_19:13:07,NCT06253611
BH3120,2024-10-05_19:11:35,NCT06234397
MSGV1-PSCA-8T28Z,2024-10-05_19:10:17,NCT06193486
Allogeneic cytomegalovirus-specific T cells (CYT-101),2024-10-05_19:08:23,NCT06157541
R0 total/subtotal gastrectomy with D2 lymphadenectomy,2024-10-05_19:07:20,NCT06121700
T cell-replete peripheral blood haploidentical donor transplantation,2024-10-05_18:57:30,NCT06008808
IO102-103,2024-10-05_18:55:35,NCT05977907
DM919,2024-10-05_19:15:53,NCT06328673
BND-35 (Monoclonal antibody),2024-10-05_19:14:08,NCT06274437
IAM1363,2024-10-05_19:13:16,NCT06253871
AVZO-021,2024-10-05_18:50:34,NCT05867251
ARTS-021,2024-10-05_18:50:34,NCT05867251
E7 TCR-T cells,2024-10-05_18:41:37,NCT05686226
CD19t-haNK suspension,2024-10-05_18:36:25,NCT05618925
Ozuriftamab Vedotin,2024-10-05_17:48:19,NCT05271604
Ivaltinostat,2024-10-05_17:46:22,NCT05249101
mFOLFOX7,2024-10-05_17:41:37,NCT05187182
antibody-drug conjugate,2024-10-05_17:09:31,NCT04789096
CellProtect (Autologous NK cell),2024-10-05_16:21:04,NCT04558931
INBRX-106 - Hexavalent OX40 agonist antibody,2024-10-05_15:47:17,NCT04198766
Recombinant Human IL12/15-PDL1B Oncolytic HSV-1 Injection (Vero Cell)),2024-10-04_22:26:33,NCT06008925
RGX-314,2024-10-04_22:21:31,NCT04704921
Tumor Associated Antigen Peptide Vaccine P30-EPS Vaccine (P30-EPS),2024-10-04_22:08:43,NCT05283109
PGT121.414.LS (VRC-HIVMAB0107-00-AB),2024-10-04_22:08:21,NCT05719441
H1AH,2024-10-04_22:07:46,NCT06365879
EIS-12656,2024-10-04_22:06:47,NCT06525298
FT825 (ONO-8250),2024-10-04_22:05:57,NCT06241456
INA03,2024-10-04_22:05:52,NCT03957915
CARE T cells (15.21.GPC3-CAR T cells),2024-10-04_22:05:52,NCT04715191
"Relugolix (N-(4-(1-((2,6-Difluorophenyl)methyl)-5-((dimethylamino)methyl)-1,2,3,4-tetrahydro-3-(6-methoxy-3-pyridazinyl)-2,4-dioxothieno(2,3-d)pyrimidin-6-yl)phenyl)-N'-methoxyurea; Orgovyx; Relumina; TAK 385; TAK-385)",2024-10-04_22:05:40,NCT06330805
LTC004+Toripalimab (LTC004 combine with Toripalimab),2024-10-04_22:04:26,NCT06490068
memory-like natural killer cells (ML NK cells),2024-10-04_22:04:16,NCT06158828
TCR alpha beta / CD19+ depleted haploidentical hematopoietic progenitor cell graft (TCRab/CD19+ depleted haploidentical HPC graft),2024-10-04_22:04:16,NCT06158828
IBI334 C,2024-10-04_22:03:29,NCT05774873
IBI334 D,2024-10-04_22:03:29,NCT05774873
IBI334 E,2024-10-04_22:03:29,NCT05774873
IBI334 F,2024-10-04_22:03:29,NCT05774873
IBI334 A,2024-10-04_22:03:29,NCT05774873
IBI334 B,2024-10-04_22:03:29,NCT05774873
GNR-086 (canakinumab biosimilar),2024-10-04_22:03:26,NCT06497491
boronophenylalanine (DMX-101),2024-10-03_22:04:38,NCT05737212
IK-595,2024-10-03_22:04:23,NCT06270082
LM-108 antibody,2024-10-03_22:04:09,NCT06479759
IX001 TCR-T cells,2024-10-03_22:04:01,NCT06487377
LB4330,2024-10-03_22:03:46,NCT06468358
TP chemotherapy,2024-10-02_23:39:57,NCT06306846
FPI-2053,2024-09-30_22:03:48,NCT06147037
[111In]-FPI-2107,2024-09-30_22:03:48,NCT06147037
[225Ac]-FPI-2068,2024-09-30_22:03:48,NCT06147037
FDA022-BB05,2024-09-30_22:03:22,NCT06413615
HDM2005,2024-09-30_06:06:48,NCT06615193
ileorectal anastomosis,2024-09-30_04:43:00,NCT06578637
JSKN016,2024-09-29_11:40:21,NCT06592417
transcatheter closure,2024-10-04_22:19:43,NCT06298344
[1-13C] sodium acetate (C13A),2024-10-04_22:19:22,NCT06354088
"[6,6-2H2] D-glucose (D2-glucose; D2G)",2024-10-04_22:19:22,NCT06354088
Ommaya lateral ventricle chemotherapy,2024-10-04_22:18:54,NCT06339242
laparoscopic liver resection,2024-10-04_22:17:23,NCT05565794
Serplulimab,2024-10-04_22:17:18,NCT06422858
Recombinant Human Adenovirus 5 Injection (Recombinant Human Adenovirus Type 5 Injection),2024-10-04_22:16:48,NCT06455046
axillary sampling,2024-10-04_22:15:06,NCT04584853
TLL-018 (TLL-018 tablets),2024-10-04_22:15:06,NCT06020144
LBL-019 Injection (LBL-019),2024-10-04_22:14:38,NCT05223231
Relmacabtagene autoleucel (relma-cel),2024-10-04_22:14:19,NCT06365671
BTZ-043,2024-10-04_22:12:04,NCT05926466
Ivonescimab (AK112/SMT112),2024-09-27_11:36:01,NCT06491472
MNPR-101-DFO*-89Zr,2024-09-27_11:18:43,NCT06337084
secondary cytoreductive surgery,2024-09-27_09:09:56,NCT06180356
AFNT-211,2024-09-27_09:09:33,NCT06105021
TMhuCART19-IL18,2024-09-27_10:55:11,NCT05989204
Tuparstobart (Anti-LAG-3 Monoclonal Antibody INCAGN02385; Anti-LAG3 Monoclonal Antibody INCAGN02385; INCAGN 02385; INCAGN 2385; INCAGN02385; INCAGN2385),2024-09-26_05:51:51,NCT06056895
Verzistobart (Anti-TIM-3 Monoclonal Antibody INCAGN02390; INCAGN 02390; INCAGN-02390; INCAGN02390),2024-09-26_05:51:51,NCT06056895
sunvozertinib,2024-09-26_04:15:47,NCT06355609
GSK5733584,2024-09-26_02:29:52,NCT06431594
FluBHPVE6E7,2024-09-26_01:14:22,NCT06589609
mFOLFOX7,2024-09-26_00:58:43,NCT06607107
Fianlimab,2024-09-26_00:41:12,NCT06594991
lutetium (177Lu) vipivotide tetraxetan,2024-09-25_23:18:39,NCT04754191
INP12,2024-09-25_05:51:04,NCT06589401
DB-1419,2024-09-25_05:39:11,NCT06554795
BEN101,2024-09-25_05:33:47,NCT05831033
Blincyto (Blinatumomab (Amgen)),2024-09-25_04:42:56,NCT05827549
CT7439,2024-09-25_04:04:57,NCT06600789
Serplulimab,2024-09-25_03:18:14,NCT06601309
B-Cell lymphoma 2 based induction regimen,2024-09-25_00:01:54,NCT05817058
SIRPa-IgG4-Fc Fusion Protein TTI-622 (SIRPa-IgG4 Fc; SIRPa-IgG4 Fc TTI-622; TTI 622; TTI-622; TTI622),2024-09-24_11:21:29,NCT05507541
CAR-T cell reinfusion,2024-09-27_09:50:45,NCT06515626
Multi-tumor antigen specific cytotoxic T lymphocytes (TSA-T) directed against proteogenomically determined personalized tumor-specific antigens (TSA),2024-09-27_09:43:08,NCT06193759
IMM-6-415,2024-09-27_09:42:16,NCT06208124
mRNA-1647,2024-09-24_06:42:05,NCT05683457
BMS-986458,2024-09-24_06:30:17,NCT06090539
next-generation androgen receptor-signaling inhibitor,2024-09-24_06:09:35,NCT06145633
sunvozertinib,2024-09-24_02:09:55,NCT06348927
lipid-altering therapy,2024-09-24_01:46:22,NCT05889156
NST-1024,2024-09-24_01:46:22,NCT05889156
Serplulimab,2024-09-24_01:11:05,NCT05766800
HRS-6209 in Combination with HRS-8080,2024-09-24_01:06:23,NCT06555068
HRS-6209 in Combination with HRS-1358,2024-09-24_01:06:23,NCT06555068
HRS-6209 in Combination with Fulvestrant,2024-09-24_01:06:23,NCT06555068
HRS-6209 in Combination with Letrozole,2024-09-24_01:06:23,NCT06555068
CNA3103: 1.5 x 10^8 cells,2024-09-24_00:21:05,NCT05759728
CNA3103: 5 x 10^7 cells,2024-09-24_00:21:05,NCT05759728
CNA3103: 1.5 x 10^9 cells,2024-09-24_00:21:05,NCT05759728
CNA3103: 4.5 x 10^8 cells,2024-09-24_00:21:05,NCT05759728
CNA3103: 2.5 x 10^7 cells,2024-09-24_00:21:05,NCT05759728
SPVN06,2024-09-23_10:05:30,NCT05748873
PD1/PDL1 bispecific antibody,2024-09-23_10:00:57,NCT06141226
NMRA 335140 (BTRX 335140; CYM-53093; Navacaprant),2024-09-23_04:39:06,NCT06029426
Peripheral Blood Stem Cell (PBSC; Peripheral Blood Stem Cells; peripheral stem cell; Peripheral Stem Cells),2024-09-24_06:06:29,NCT03970096
IL-1 inhibitor,2024-09-24_06:03:47,NCT06092216
Tarcocimab (Tarcocimab tedromer; KSI-301),2024-09-24_06:02:23,NCT06270836
ABBV-787,2024-09-20_08:18:40,NCT06068868
EXG102-031,2024-09-23_23:22:11,NCT05903794
TGFBi expanded NK cells,2024-09-20_07:55:58,NCT05634369
SGR-2921,2024-09-20_07:20:49,NCT05961839
anti-CD20/CD30-CAR-T cells,2024-09-20_06:02:00,NCT06532643
Dendritic Cell (DC) Vaccine,2024-09-20_05:59:54,NCT06435351
NUV-1511,2024-09-20_05:47:40,NCT06334432
Near-complete resection,2024-09-20_05:29:17,NCT04523688
Autologous Dendritic Cells (DC) vaccine,2024-09-20_05:29:17,NCT04523688
BOLD-100 in combination with FOLFOX Chemotherapy (Dose Escalation),2024-09-20_05:25:49,NCT04421820
BOLD-100 in combination with FOLFOX Chemotherapy (Dose Expansion),2024-09-20_05:25:49,NCT04421820
monoclonal antibody,2024-09-20_05:58:12,NCT06382168
VLS-1488,2024-09-20_05:09:17,NCT05902988
CD19 Directed CAR T Cell (UCD19 CAR T cells),2024-09-20_04:44:28,NCT05535855
proton radiotherapy,2024-09-20_04:40:19,NCT04915183
PET/CT with 18F-DOPA,2024-09-20_04:38:59,NCT05512403
leucoselect phytosome,2024-09-20_04:37:56,NCT04515004
CHM-2101 CAR-T cells,2024-09-20_04:52:24,NCT06055439
NST-628,2024-09-20_04:42:30,NCT06326411
targeted synthetic disease-modifying anti-rheumatic drugs,2024-09-09_00:48:49,NCT06581562
high dose Jiuweihuaban Pill (High dose group),2024-09-09_00:18:07,NCT06058546
low dose Jiuweihuaban Pill (Low dose group),2024-09-09_00:18:07,NCT06058546
Liangxue ointment（Traditional Chinese Ointment）,2024-09-08_23:57:46,NCT06583369
QXL138AM Injection every 2 weeks by IV Infusion,2024-09-09_04:11:39,NCT06582017
prostaglandin F2 analog,2024-09-09_03:41:46,NCT06407973
Latanoprost plus adjunctive glaucoma medication,2024-09-09_03:41:46,NCT06407973
compression orthosis,2024-09-06_03:09:59,NCT05629026
rehabilitation,2024-09-06_00:21:50,NCT06379997
3HP-2827,2024-09-05_12:22:35,NCT06378593
Ofatunumab,2024-09-05_11:08:53,NCT06444113
CPX101,2024-09-05_08:47:01,NCT06532578
Sandostatin LAR@,2024-09-05_06:46:32,NCT06505395
SYHX2008 injection,2024-09-05_06:46:32,NCT06505395
autologous FL-33 CAR T therapy,2024-09-05_06:41:19,NCT06326021
prior-HSCT donor-derived FL-33 CAR T therapy,2024-09-05_06:41:19,NCT06326021
darbepoetin alpha,2024-09-05_06:34:17,NCT04539236
GTE001 injection,2024-09-05_05:38:46,NCT06491225
BL-M11D1,2024-09-05_05:36:25,NCT05924750
177Lu-DOTA-EB-FAPI 1 radionuclide therapy,2024-09-05_05:28:03,NCT05410821
177Lu-DOTA-EB-FAPI 3 radionuclide therapy,2024-09-05_05:28:03,NCT05410821
177Lu-DOTA-EB-FAPI 2 radionuclide therapy,2024-09-05_05:28:03,NCT05410821
AU409 capsules,2024-09-05_05:11:27,NCT06374485
iPSC-NK cells,2024-09-05_01:22:50,NCT06367673
Silexan,2024-09-05_00:41:09,NCT06412757
HRS-7249 injection,2024-09-05_00:39:38,NCT06541457
Disitamab Vedotin(RC48) Plus Tratuzumab,2024-09-05_00:03:07,NCT06572319
PD-1 Monoclonal Antibody,2024-09-04_09:10:43,NCT06471205
mortemycophanate,2024-09-04_08:38:25,NCT06379646
Orebatinib,2024-09-04_07:19:11,NCT06578546
"PD1/PDL1 antibody monotherapy, up to 24 weeks",2024-09-04_03:58:44,NCT06580574
thrombopoietin,2024-09-03_22:03:28,NCT05308264
Thrombopoietin,2024-09-03_22:03:28,NCT05308264
CD33KO-HSPC; CART33,2024-09-05_04:32:30,NCT05945849
Targeted alpha therapy,2024-09-05_03:09:55,NCT05275946
Expanded haploidentical NK cells,2024-09-05_02:21:14,NCT05334693
implanted cardioverter defibrillator,2024-09-03_07:02:03,NCT05384847
PM54,2024-09-03_07:44:59,NCT05841563
AAA617 (Lutetium [177Lu] vipivotide tetraxetan; 177Lu-PSMA-617),2024-09-03_07:19:13,NCT05849298
"ProAgio Dose Levels (DL) 1,2,3,4 (ACT50; Gemcitabine)",2024-09-02_06:41:24,NCT06460298
ProAgio Dose Expansion (ACT50; Gemcitabine),2024-09-02_06:41:24,NCT06460298
P-CD19CD20-ALLO1 CAR-T Cells,2024-08-30_04:41:53,NCT06014762
Zirconium Zr 89 Girentuximab (89Zr-DFO-TFP-girentuximab; 89Zr-girentuximab; 89Zr-TLX250; Zirconium Zr 89 cG250; Zirconium Zr 89-TLX250),2024-08-28_22:17:05,NCT06447103
B-cell depleting therapy,2024-08-28_08:37:53,NCT04081714
CTS2190,2024-08-28_06:51:25,NCT06224387
medically induced menopause,2024-08-28_06:48:22,NCT06538389
BRC-001 (Cannabidiol; CBD; CBD Oil; Epidiolex; GWP42003-P),2024-08-28_06:48:22,NCT06538389
UCART123v1.2,2024-08-28_06:42:05,NCT03190278
SHR-7631,2024-08-28_06:36:08,NCT06381050
Herpes virus T3011 injection,2024-08-28_06:05:40,NCT06427291
Carrelizumab,2024-08-28_05:39:06,NCT05737563
Teripulimab,2024-08-28_05:39:06,NCT05737563
GH21 Capsule,2024-08-28_04:58:44,NCT05183243
Relma-cel (CD19-targeted Chimeric Antigen Receptor(CAR) T Cells),2024-09-03_04:42:09,NCT06479356
BL-M17D1,2024-09-03_04:06:42,NCT06500052
CT011 CAR-GPC3 T Cells Injection,2024-09-03_00:37:15,NCT06560827
PEG-rhG-GSF (Polyethylene glycolylated recombinant human granulocyte stimulating factor),2024-09-02_23:55:01,NCT06563869
γδ T-PD-1 Ab cells,2024-09-02_22:50:58,NCT06404281
Englumafusp alfa (A CD19 Targeted 4-1BB Ligand; RO7227166),2024-09-02_03:21:06,NCT04077723
Azenosertib (ZN-c3; KP-2638; C29H34N8O2),2024-09-02_03:15:16,NCT04005690
UCB4594,2024-09-02_03:11:15,NCT06380816
BL-M14D1,2024-08-29_00:27:32,NCT06505824
BC1 cell line,2024-08-27_05:09:56,NCT06471673
Bria-OTS regimen and CPI (tislelizumab) expansion cohort,2024-08-27_05:09:56,NCT06471673
[68Ga] B7H3 Affibody-BCH,2024-08-27_04:42:50,NCT06454955
Vibutuximab,2024-09-02_04:51:44,NCT06558513
targeted CD30 drug,2024-09-02_04:51:44,NCT06558513
XNW5004,2024-09-02_04:51:44,NCT06558513
SZ003 CAR-NK,2024-08-29_01:23:06,NCT05845502
OD-07656,2024-08-26_23:36:30,NCT06206811
Neoantigen mRNA Vaccine,2024-08-26_05:25:42,NCT06195384
Neoantigen Polypeptide Vaccine,2024-08-26_05:16:05,NCT06195293
"Candidate vaccine, SCB-1019",2024-08-26_05:10:38,NCT06194318
KB-GDT-01,2024-08-26_04:37:34,NCT06069570
hepatitis C treatment,2024-08-26_03:33:49,NCT06566807
Helicobacter pylori treatment,2024-08-26_03:33:49,NCT06566807
Adalimumab-680LT,2024-08-26_03:13:01,NCT06117423
EB103,2024-08-26_02:35:55,NCT06343311
Imlifidase administered in the 20-HMedIdeS-19 (PAES) study,2024-08-27_04:56:14,NCT05937750
TSC-204-A0201,2024-08-27_04:46:52,NCT05973487
TSC-204-C0702,2024-08-27_04:46:52,NCT05973487
TSC-200-A0201,2024-08-27_04:46:52,NCT05973487
TSC-200-A0201 + TSC-204-A0101,2024-08-27_04:46:52,NCT05973487
TSC-200-A0201 + TSC-201-B0702,2024-08-27_04:46:52,NCT05973487
TSC-203-A0201 + TSC-204-A0101,2024-08-27_04:46:52,NCT05973487
TSC-203-A0201 + TSC-201-B0702,2024-08-27_04:46:52,NCT05973487
TSC-201-B0702,2024-08-27_04:46:52,NCT05973487
TSC-204-A0101,2024-08-27_04:46:52,NCT05973487
TSC-204-A0201 + TSC-204-C0702,2024-08-27_04:46:52,NCT05973487
TSC-204-C0702 + TSC-200-A0201,2024-08-27_04:46:52,NCT05973487
TSC-204-A0201 + TSC-203-A0201,2024-08-27_04:46:52,NCT05973487
TSC-204-A0201 + TSC-204-A0101,2024-08-27_04:46:52,NCT05973487
TSC-204-A0201 + TSC-201-B0702,2024-08-27_04:46:52,NCT05973487
TSC-204-A0201 + TSC-200-A0201,2024-08-27_04:46:52,NCT05973487
TSC-204-C0702 + TSC-203-A0201,2024-08-27_04:46:52,NCT05973487
TSC-204-C0702 + TSC-204-A0101,2024-08-27_04:46:52,NCT05973487
TSC-204-C0702 + TSC-201-B0702,2024-08-27_04:46:52,NCT05973487
TSC-200-A0201 + TSC-203-A0201,2024-08-27_04:46:52,NCT05973487
Partially Demineralized Dentin Block,2024-08-23_06:17:43,NCT06429540
Xenograft,2024-08-23_06:17:43,NCT06429540
Open-label hydrocortisone,2024-08-27_00:55:17,NCT06217939
Early hydrocortisone,2024-08-27_00:55:17,NCT06217939
SPH4336 Tablets,2024-08-23_05:40:20,NCT05872347
EP0062,2024-08-23_05:21:27,NCT05573126
Minimally Invasive Esophagectomy,2024-08-23_06:01:58,NCT06067438
SPH4336 Tablets,2024-08-23_05:12:24,NCT05860465
allogenic bone graft,2024-08-23_05:12:15,NCT05442034
recombinant human platelet derived growth factor,2024-08-23_05:12:15,NCT05442034
Enamel matrix derivatives,2024-08-23_05:12:15,NCT05442034
Vinecra,2024-08-23_05:12:09,NCT06265545
drug-eluting microspheres with IL2,2024-08-23_04:45:42,NCT04770207
drug-eluting microspheres with PD1 antibody and VEGFR antibody,2024-08-23_04:45:42,NCT04770207
drug-eluting microspheres with PD1 antibody and VEGF antibody,2024-08-23_04:45:42,NCT04770207
drug-eluting microspheres with CTLA4 antibody and VEGF antibody,2024-08-23_04:45:42,NCT04770207
"drug-eluting microspheres with CTLA4 antibody, VEGFR antibody and idarubicin",2024-08-23_04:45:42,NCT04770207
"drug-eluting microspheres with PD1 antibody, VEGF antibody and doxorubicin",2024-08-23_04:45:42,NCT04770207
drug-eluting microspheres with PD1 antibody and doxorubicin,2024-08-23_04:45:42,NCT04770207
drug-eluting microspheres with PD1 antibody,2024-08-23_04:45:42,NCT04770207
drug-eluting microspheres with PD-L1 antibody,2024-08-23_04:45:42,NCT04770207
"drug-eluting microspheres with PD-L1 antibody, VEGF antibody and doxorubicin",2024-08-23_04:45:42,NCT04770207
"drug-eluting microspheres with PD1 antibody, VEGFR antibody and doxorubicin",2024-08-23_04:45:42,NCT04770207
"drug-eluting microspheres with CTLA4 antibody, VEGFR antibody and doxorubicin",2024-08-23_04:45:42,NCT04770207
drug-eluting microspheres with IL2 and doxorubicin,2024-08-23_04:45:42,NCT04770207
drug-eluting microspheres with IL2 and VEGFR antibody,2024-08-23_04:45:42,NCT04770207
drug-eluting microspheres with PD-L1 antibody and VEGFR antibody,2024-08-23_04:45:42,NCT04770207
drug-eluting microspheres with CTLA4 antibody,2024-08-23_04:45:42,NCT04770207
"drug-eluting microspheres with PD-L1 antibody, VEGFR antibody and doxorubicin",2024-08-23_04:45:42,NCT04770207
drug-eluting microspheres with PD-L1 antibody and VEGF antibody,2024-08-23_04:45:42,NCT04770207
drug-eluting microspheres with IL2 and VEGF antibody,2024-08-23_04:45:42,NCT04770207
"drug-eluting microspheres with IL2, VEGF antibody and doxorubicin",2024-08-23_04:45:42,NCT04770207
"drug-eluting microspheres with IL2, VEGFR antibody and doxorubicin",2024-08-23_04:45:42,NCT04770207
drug-eluting microspheres with CTLA4 antibody and VEGFR antibody,2024-08-23_04:45:42,NCT04770207
drug-eluting microspheres with CTLA4 antibody and doxorubicin,2024-08-23_04:45:42,NCT04770207
"drug-eluting microspheres with CTLA4 antibody, VEGF antibody and doxorubicin",2024-08-23_04:45:42,NCT04770207
drug-eluting microspheres with PD-L1 antibody and doxorubicin,2024-08-23_04:45:42,NCT04770207
MT-303,2024-08-23_05:07:04,NCT06478693
IMM-1-104 + modified Gemcitabine/nab-Paclitaxel (Treatment Group B),2024-08-23_05:02:33,NCT05585320
IMM-1-104 Monotherapy (Treatment Group A),2024-08-23_05:02:33,NCT05585320
MHS-1031 (Panosyl-isomaltooligosaccharide),2024-08-23_03:43:40,NCT05556824
NNC0519-0130,2024-08-23_03:39:18,NCT06513104
antioxidants-enriched culture medium (Gx) (Global total one step media (GT)),2024-08-23_03:33:10,NCT06261671
NHWD-870 HCl,2024-08-23_02:34:25,NCT06527300
Oral Maalox/ Mylanta (Antacid),2024-08-22_23:53:48,NCT06241183
GSK4024484C,2024-08-22_23:04:48,NCT06171113
SHR-A1811 combined with other antitumor therapies,2024-08-22_03:48:30,NCT06015048
YJ001 for Spray Use,2024-08-22_03:08:38,NCT06361108
WSD0628,2024-08-22_01:01:58,NCT05917145
APR-1051,2024-08-22_00:38:39,NCT06260514
autogenous partially demineralized dentin graft,2024-08-21_23:56:03,NCT06552793
Xenograft,2024-08-21_23:56:03,NCT06552793
AVD chemotherapy,2024-08-21_23:36:00,NCT04837859
PN20,2024-08-21_22:46:23,NCT06521931
AMT-562,2024-08-21_04:23:57,NCT06199908
Helicobacter pylori treatment,2024-08-20_23:25:40,NCT06513234
hepatitis C treatment,2024-08-20_23:25:40,NCT06513234
AFP Specific T Cell Receptor T Cells,2024-08-20_22:09:28,NCT06515314
KYV-101,2024-08-20_07:18:56,NCT06400303
Standard lymphodepletion regimen (Cyclophosphamide; Fludarabine),2024-08-20_07:18:56,NCT06400303
pharmacological treatment,2024-08-20_05:33:40,NCT06517589
psychological treatment,2024-08-20_05:33:40,NCT06517589
JWCAR201,2024-08-20_05:30:53,NCT06517004
ALT-100 mAb,2024-08-20_03:51:50,NCT05938036
Recombinant Vesicular Stomatitis Vaccine for Ebola (rVSV∆G-ZEBOV-GP) (Ervebo),2024-08-20_03:00:17,NCT06100913
HS-10516,2024-08-20_02:43:18,NCT06553339
UTAA09 injection,2024-08-20_01:15:51,NCT06503211
THRV-1268,2024-08-19_23:48:54,NCT06507839
CD19&CD20 bispecific CAR-T cells,2024-08-19_22:45:51,NCT06503094
PRG-2311,2024-08-19_00:52:01,NCT06497361
TAC01-CLDN18.2,2024-08-19_00:32:00,NCT05862324
Angiotensin receptor blockers,2024-08-18_11:31:37,NCT06023576
Alpha1-receptor blockers,2024-08-18_11:31:37,NCT06023576
liposome adriamycin,2024-08-17_08:16:38,NCT04589741
ARB analogs,2024-08-16_22:03:15,NCT06469190
KN5501,2024-08-16_22:03:15,NCT06469190
CV09050101 mRNA vaccine (CVGBM),2024-08-16_09:45:30,NCT05938387
CV09050101 mRNA vaccine RDE 100 μg,2024-08-16_09:45:30,NCT05938387
NXC-201 CAR-T (HBI0101 CAR-T),2024-08-20_01:01:49,NCT06097832
OT-101,2024-08-16_09:15:07,NCT06079346
avutometinib (VS-6766) and defactinib in combination with gemcitabine and nab-paclitaxel,2024-08-16_09:06:56,NCT05669482
BST02,2024-08-16_04:15:31,NCT06526832
IBI355,2024-08-16_04:09:05,NCT06484855
GH21,2024-08-16_03:00:40,NCT06306456
oncolytic vaccine,2024-08-15_23:51:11,NCT06130722
FL115,2024-08-15_23:51:11,NCT06130722
Selinexor Oral Tablet [Xpovio] (exportin 1 (XPO1) inhibitor),2024-08-15_04:42:21,NCT06517511
transoral robotic resection,2024-08-15_02:39:41,NCT05714657
selective neck dissection,2024-08-15_02:39:41,NCT05714657
radical mastectomy,2024-08-14_09:14:01,NCT05269160
Dermaprazole,2024-08-14_09:14:01,NCT05269160
7MW3711,2024-08-14_05:15:06,NCT06008366
TBI-2001,2024-08-14_03:58:08,NCT05963217
TRX-221,2024-08-14_03:04:58,NCT06186076
Adebelizumab,2024-08-14_02:59:50,NCT06125041
exome sequencing (retrospective) and exome and methylome sequencing (prospective),2024-08-14_02:21:52,NCT06080009
HLX42 (Anti-EGFR ADC),2024-08-14_02:16:07,NCT06210815
SKB410,2024-08-14_02:05:43,NCT05906537
CAR-γδT cell therapy,2024-08-14_01:43:12,NCT06196294
γδT cell therapy,2024-08-14_01:43:12,NCT06196294
Tumor antigen-sensitized DC vaccine,2024-08-13_23:53:22,NCT06545630
Short range radiotherapy with sequential Disitamab Vedotin combined with S-1 and xindilizumab,2024-08-15_00:22:36,NCT06487429
peripheral arterial surgery,2024-08-15_00:11:55,NCT04789733
Serplulimab,2024-08-15_00:00:17,NCT06496789
DD01,2024-08-13_06:45:00,NCT06410924
bispecific T-cell antibody,2024-08-13_06:40:06,NCT05972720
CD19-directed CAR T-cell Therapy,2024-08-13_06:40:06,NCT05972720
bispecific T-cel antibody,2024-08-13_06:40:06,NCT05972720
CD19-directed CAR T-cell therapy,2024-08-13_06:40:06,NCT05972720
KRAS peptide vaccine with poly-ICLC adjuvant,2024-08-13_06:31:57,NCT05013216
MBS8(1V270),2024-08-13_03:53:10,NCT04855435
Recombinant Humanized Anti-interleukin-6 Receptor Monoclonal Antibody Injection 4mg/kg,2024-08-13_02:44:13,NCT05345522
Recombinant Humanized Anti-interleukin-6 Receptor Monoclonal Antibody Injection 8mg/kg,2024-08-13_02:44:13,NCT05345522
Recombinant Humanized Anti-interleukin-6 Receptor Monoclonal Antibody Injection 6mg/kg,2024-08-13_02:44:13,NCT05345522
ET140203 T Cells,2024-08-13_02:16:17,NCT04634357
BY101921 tablets,2024-08-13_02:12:07,NCT06433726
HMPL-415S1,2024-08-13_00:49:45,NCT05886374
Candonilimab,2024-08-13_00:19:38,NCT05926700
64Cu-SAR-bisPSMA,2024-08-12_22:06:49,NCT04868604
NK520 (genetic modified NK cell),2024-08-12_06:55:42,NCT06541405
EBV-specific T cells: B,2024-08-12_06:46:48,NCT01555892
"EBV-specific T cells: A (LMP, BARF1 and EBNA1 specific CTLs)",2024-08-12_06:46:48,NCT01555892
Renin-angiotensin sytem blockers (Ramipril; lisinopril; losartan),2024-08-11_23:43:33,NCT04662723
Cardunizumab,2024-08-09_08:32:39,NCT06232083
FKC288,2024-08-09_05:53:40,NCT05978661
SENTI-202,2024-08-09_05:19:18,NCT06325748
7MW3711,2024-08-09_05:11:38,NCT06008379
AC676,2024-08-09_04:41:11,NCT05780034
CEA-targeted CAR-T cells,2024-08-09_04:39:37,NCT06006390
NW-301D,2024-08-09_04:33:45,NCT06478251
NW-301V,2024-08-09_04:33:45,NCT06478251
Ivor Lewis esophagectomy,2024-08-08_11:59:43,NCT03587532
AK131,2024-08-08_06:28:18,NCT06166888
LCB84,2024-08-08_06:08:21,NCT05941507
NW-301D,2024-08-08_05:31:07,NCT06484556
NW-301V,2024-08-08_05:31:07,NCT06484556
fufuquitinib,2024-08-08_00:53:28,NCT06485713
CCR2-targeted therapy,2024-08-08_00:07:25,NCT03851237
64Cu-DOTA-ECLIi,2024-08-08_00:07:25,NCT03851237
177Lu-PSMA-0057,2024-08-07_11:57:34,NCT06050239
Gadolinium-Chelate,2024-08-07_11:44:21,NCT06319027
WZTL-002 CAR T-cells (1928T2z CAR T-cells),2024-08-07_09:38:25,NCT06486051
pimentase,2024-08-07_07:14:55,NCT06485219
levulinic acid aminidase,2024-08-07_07:14:55,NCT06485219
llevulinic acid aminidase,2024-08-07_07:14:55,NCT06485219
BY101298,2024-08-07_04:54:38,NCT06462716
HSK42360,2024-08-07_04:06:09,NCT06536400
Sindilizumab,2024-08-07_03:22:42,NCT06219980
[212Pb]Pb-ADVC001 (212Pb-ADVC001),2024-08-07_01:47:30,NCT05720130
anti-vascular targeted drugs,2024-08-09_02:33:57,NCT05738447
HBV mRNA vaccine,2024-08-09_02:33:57,NCT05738447
Polyene Phosphatidylcholine (AYP-101),2024-08-09_02:18:34,NCT06256445
BT02 monoclonal antibody injection,2024-08-09_02:10:18,NCT06404905
infusion of JY231 injection,2024-08-08_04:52:24,NCT06045585
CD73 Antigen (PM1015 injection),2024-08-08_04:44:43,NCT05950815
Modified GCN+TTF treatment (NovoTTF-100L(P)),2024-08-08_04:22:48,NCT04605913
angiotensin receptor blockers,2024-08-08_03:02:43,NCT06183437
Corticosteroids and Ruxolitinib,2024-08-08_02:53:10,NCT05899725
JAB-30355,2024-08-08_02:40:16,NCT06386146
BL0006,2024-08-06_04:44:36,NCT06247657
PTT-936,2024-08-06_04:21:55,NCT06244992
Prolgolimab,2024-08-06_03:13:33,NCT05757466
prolgolimab,2024-08-06_03:13:33,NCT05757466
ESG401,2024-08-06_01:01:51,NCT06383767
KQ-2003 CAR-T cells (Fluorine dara marina injection; Cyclophosphamide injection; CD19-BCMA CAR-T Cells),2024-08-06_00:40:14,NCT04714827
BAT8007 for injection (Recombinant all human anti Nectin-4 monoclonal antibody for injection Exatecan conjugate),2024-08-05_23:58:44,NCT05879627
QLS32015 (A Humanized GPRC5D x CD3 Bispecific Antibody),2024-08-05_23:16:25,NCT05920876
Zabadinostat,2024-08-05_21:55:14,NCT05873244
BPB-101,2024-08-05_07:33:07,NCT05869240
Carrilizumab,2024-08-05_07:21:55,NCT05886140
targeted AML1-ETO neoantigen cytotoxic T cells (CTL),2024-08-05_04:00:59,NCT06499025
Liposome mitoxantrone,2024-08-05_04:00:59,NCT06499025
YL205,2024-08-05_03:40:54,NCT06459973
Helicobacter pylori treatment,2024-08-05_01:44:10,NCT06504940
hepatitis C treatment,2024-08-05_01:44:10,NCT06504940
OATD-01,2024-08-02_11:57:18,NCT06205121
AUM001,2024-08-02_09:01:38,NCT05462236
NWY001,2024-08-02_05:39:45,NCT05979155
GME751,2024-08-02_02:11:51,NCT06153238
Avidin-biotin-Dota-90Y,2024-08-02_01:11:01,NCT06390241
NW-301D,2024-08-02_00:44:21,NCT06484790
NW-301V,2024-08-02_00:44:21,NCT06484790
intubation,2024-08-01_09:17:52,NCT06386159
CNP-106,2024-08-01_07:27:56,NCT06106672
CD19 CAR-DC,2024-08-01_07:01:40,NCT05585996
0.8% QY211 gel,2024-08-01_06:37:36,NCT05843422
0.3% QY211 Gel,2024-08-01_06:37:36,NCT05843422
1.5% QY211 Gel,2024-08-01_06:37:36,NCT05843422
0.8% QY211 Gel,2024-08-01_06:37:36,NCT05843422
0.1% QY211 Gel,2024-08-01_06:37:36,NCT05843422
BGT007H,2024-08-01_05:44:58,NCT06152757
Serplulimab,2024-08-01_05:36:06,NCT06393166
Tremelimumab (Imfinzi),2024-08-01_05:17:32,NCT05701488
molar extraction,2024-08-01_03:40:11,NCT06146491
IBI133,2024-08-01_02:52:06,NCT06170190
AdMSC,2024-08-02_04:41:48,NCT04356755
Engineering Tumor Infiltrating Lymphocytes (GC203 TIL),2024-07-31_11:37:01,NCT06375187
anti-Helicobacter pylori therapy,2024-07-31_05:48:08,NCT06478472
anti-hepatitis C therapy,2024-07-31_05:48:08,NCT06478472
611,2024-07-31_02:37:56,NCT06173284
18F-Fludarabine,2024-07-31_01:23:11,NCT03832127
HPVDC injection level dose 1,2024-07-30_09:53:27,NCT06007092
HPVDC injection level dose 2,2024-07-30_09:53:27,NCT06007092
FHND6091,2024-07-30_09:22:25,NCT05271682
Chimeric Antigen Receptor (CAR) T-Cell Product (Autologous),2024-07-30_08:34:31,NCT05281809
TSN1611,2024-07-30_05:37:07,NCT06385925
Duvillisib,2024-08-01_00:04:46,NCT06151106
BNT321,2024-07-31_10:41:37,NCT06069778
RP72 (Rise Prot-72),2024-07-29_21:55:28,NCT04338763
Daratumumab SC (Faspro),2024-07-29_18:58:05,NCT04302324
TSN222,2024-07-30_05:05:33,NCT05842785
PUR001,2024-07-29_05:52:26,NCT05234853
isolated liver perfusion,2024-07-26_08:28:15,NCT05496686
VSV-IFNβ-NIS (Voyager-V1; VSV; VSV2),2024-07-26_05:55:16,NCT03647163
Standard Analgesic Medications,2024-07-26_05:42:34,NCT05748366
PSW-1025,2024-07-26_05:42:51,NCT06441994
M1774 [14C]M1774 microtracer (Tuvusertib),2024-07-26_05:11:12,NCT06308263
tunlametinib,2024-07-26_04:00:20,NCT06008106
Boston keratoprosthesis,2024-07-26_00:51:17,NCT04232982
GH55,2024-07-26_00:11:21,NCT06310382
blood retriewal,2024-07-26_00:00:29,NCT05813418
Phase I:[177Lu]Lu-XT033 Injection,2024-07-25_22:05:06,NCT06081686
Phase II:[177Lu]Lu-XT033 Injection,2024-07-25_22:05:06,NCT06081686
Tazarotene (GRI-0621),2024-07-26_05:15:27,NCT06331624
inotuzumab,2024-07-25_05:03:01,NCT03865589
19-28z/IL-18 CAR T cells,2024-07-25_05:01:40,NCT06287528
ETX-19477,2024-07-25_04:57:36,NCT06395519
GH2616 Tablets,2024-07-25_05:06:55,NCT06329206
11C-M503 PET,2024-07-25_05:04:58,NCT06303921
PH-762,2024-07-25_03:56:48,NCT06014086
bilateral salpingo-oopherectomy,2024-07-25_02:27:05,NCT05649956
polymeric micellar paclitaxel,2024-07-25_02:33:44,NCT06301165
CD19 CAR T-cell,2024-07-25_02:32:46,NCT06343090
iSCIB1+,2024-07-25_01:51:31,NCT04079166
CAR-NK cells,2024-07-24_07:49:42,NCT05410717
FOG-001,2024-07-24_07:39:25,NCT05919264
Natural cycle,2024-07-24_07:16:01,NCT03642665
Pucotenlimab,2024-07-24_03:22:30,NCT06456892
IBRX-042,2024-07-24_03:17:18,NCT05976828
CD19/CD22-directed monoclonal antibody,2024-07-24_01:07:57,NCT06080191
CD19-CAR_Lenti_ALLO,2024-07-24_01:07:57,NCT06080191
immunoadsorption therapy,2024-07-23_10:19:59,NCT03274375
Autologous Natural Killer Cell Therapy,2024-07-23_08:41:52,NCT06044506
anti-CD19 CAR-T cell,2024-07-23_05:14:05,NCT06002659
CAR20(NAP)-T,2024-07-23_05:14:05,NCT06002659
Probiotic,2024-07-23_01:34:22,NCT05501470
HMPL-506,2024-07-23_00:39:21,NCT06387082
AUR108,2024-07-22_22:03:02,NCT05984147
Belrestotug,2024-07-23_03:36:39,NCT06472076
tirilizumab,2024-07-23_03:22:41,NCT06470217
IL13Rα2 CAR-T,2024-07-22_15:06:23,NCT06355908
NALIRIFOX,2024-07-22_10:37:30,NCT04106856
LMV-12 (HE003),2024-07-22_08:00:36,NCT06109558
CKD-846,2024-07-22_07:40:36,NCT06110923
D091,2024-07-22_07:40:36,NCT06110923
DNP002 (H2319),2024-07-19_08:07:01,NCT06466265
next generation hormonal agent,2024-07-19_04:33:32,NCT05272709
Minnelide™Capsules,2024-07-19_04:32:53,NCT03129139
Peptide vaccine,2024-07-19_03:13:32,NCT05950139
Vivotif Typhoid Oral Vaccine (Ty21a Typhoid Oral Vaccine),2024-07-18_07:15:43,NCT03971669
CD33CART autologous,2024-07-18_07:12:00,NCT03971799
CD33CART allogeneic,2024-07-18_07:12:00,NCT03971799
AUR107,2024-07-18_02:46:43,NCT05865002
Ciprodiazole,2024-07-18_02:20:10,NCT05863832
AUR106,2024-07-18_01:47:24,NCT05861947
GME751,2024-07-22_03:03:10,NCT06159790
Robotic-Assisted Gynecological Surgery,2024-07-22_03:01:54,NCT05954767
IS-001,2024-07-22_03:01:54,NCT05954767
Hyperpolarized Bicarbonate (13C),2024-07-18_00:54:11,NCT05851365
Microbiome Therapeutic (Intervention Group),2024-07-17_23:25:34,NCT05835206
GQ1010,2024-07-17_06:44:03,NCT06464055
"DNP007 (MD3, Anti-ICAM1)",2024-07-17_05:05:11,NCT06400771
MSC treatment (Cellistem ® Lupus),2024-07-16_23:07:13,NCT03917797
hu5B1-TCO,2024-07-16_10:02:45,NCT05737615
64Cu-Tz-SarAr,2024-07-16_10:02:45,NCT05737615
pancreatic enzyme replacement,2024-07-16_06:05:55,NCT04844970
DAOIB,2024-07-16_05:10:54,NCT05764538
NTQ1062,2024-07-16_02:57:08,NCT06172322
OSE-279 100mg,2024-07-16_02:16:08,NCT05751798
OSE-279 500mg,2024-07-16_02:16:08,NCT05751798
OSE-279 300mg,2024-07-16_02:16:08,NCT05751798
B7H3 specific CAR T cell with IL-7Ra signaling domain,2024-07-16_01:39:56,NCT06221553
OB318 capsule,2024-07-15_07:59:00,NCT02347228
"Vincristine, Mecaptopurine, Cyclophosphamide, Cytarabine, L-asparaginase, Intrathecal Methotrexate",2024-07-15_07:18:52,NCT06099366
"Vincristine, Mecaptopurine, Intrathecal Methotrexate",2024-07-15_07:18:52,NCT06099366
Androgen receptor inhibitor (Bicalutamide; Flutamide; Enzalutamide),2024-07-15_04:14:01,NCT05700903
Gonadotropin Releasing Hormone Agonists (GNRH),2024-07-15_04:14:01,NCT05700903
MTC 01,2024-07-12_05:46:51,NCT05911997
CARCIK-CD19,2024-07-12_00:49:01,NCT05869279
episiotomy,2024-07-11_05:37:41,NCT05793476
Periodontal surgery,2024-07-11_05:27:01,NCT05541614
Subgingival debridement,2024-07-11_05:27:01,NCT05541614
Pegylated interferon alpha2a,2024-07-11_03:52:25,NCT05535764
Serplulimab,2024-07-11_03:08:51,NCT05775796
Dendritic cell vaccination,2024-07-11_02:09:47,NCT05765084
ETH-155008,2024-07-11_01:03:47,NCT05758610
Pan-T booster co-expressing MSLN CAR T cell,2024-07-15_03:30:08,NCT05693844
Gadolinium,2024-07-15_03:28:36,NCT05692635
Allogeneic Stem Cells,2024-07-15_01:59:01,NCT05675319
Autologous Stem Cells,2024-07-15_01:59:01,NCT05675319
FDA022 Monoclonal antibody-drug conjugate,2024-07-12_07:25:52,NCT05564858
Ivonescimab,2024-07-12_04:07:24,NCT05899608
DCreg: 0.5 million cells/kg+SOC,2024-07-12_02:13:46,NCT03726307
DCreg:2.5 to 5.0 million cells/kg+SOC,2024-07-12_02:13:46,NCT03726307
DCreg: 1.2 million cells/kg+SOC,2024-07-12_02:13:46,NCT03726307
GB201,2024-07-12_01:44:29,NCT03721744
JCXH-212 Injection,2024-07-12_01:28:12,NCT05579275
Normal Saline along with standard treatment (Vehicle),2024-07-10_06:40:45,NCT05514340
Sovateltide along with standard treatment (PMZ-1620),2024-07-10_06:40:45,NCT05514340
"Hyaluronidase-zzxf/Pertuzumab/Trastuzumab (Pertuzumab, Trastuzumab, and Hyaluronidase-zzxf; Pertuzumab/Trastuzumab/Hyaluronidase-zzxf; Phesgo)",2024-07-10_05:20:19,NCT05730712
Polyethylene Glycol Somatropin (rDNA origin) Injection,2024-07-10_04:27:16,NCT06448195
HTMC0435,2024-07-10_03:52:25,NCT05728619
Bridging therapy,2024-07-10_03:38:26,NCT05727683
CD19-targeted Chimeric Antigen Receptor (CAR) T Cells,2024-07-10_03:38:26,NCT05727683
MSC-L,2024-07-10_03:30:54,NCT06446050
sindilizumab,2024-07-10_02:36:54,NCT05721651
immunochemistry,2024-07-09_03:44:48,NCT05683717
biological response modulators,2024-07-09_03:39:02,NCT06433869
tumor neoantigen specific T cell,2024-07-09_02:35:06,NCT06431529
G1: SHR-A1811,2024-07-10_10:23:13,NCT05749588
H1: TROP2 ADC,2024-07-10_10:23:13,NCT05749588
B1: TROP2 ADC,2024-07-10_10:23:13,NCT05749588
A1: SHR-A1811,2024-07-10_10:23:13,NCT05749588
E1: SHR-A1811,2024-07-10_10:23:13,NCT05749588
F1: TROP2 ADC,2024-07-10_10:23:13,NCT05749588
C2: SHR-A1811 with BP102,2024-07-10_10:23:13,NCT05749588
C1: SHR-A1811,2024-07-10_10:23:13,NCT05749588
D1: TROP2 ADC,2024-07-10_10:23:13,NCT05749588
D2: TROP2 ADC with BP102,2024-07-10_10:23:13,NCT05749588
NM1F Injection,2024-07-10_09:27:09,NCT05746897
Tumor Treatment Vaccine,2024-07-09_02:01:05,NCT06430502
Bev-ICG,2024-07-09_01:49:23,NCT06430372
EG017,2024-07-09_00:08:23,NCT05673694
HST-1011 (CBL-B inhibitor),2024-07-08_05:59:58,NCT05662397
Tafolecimab,2024-07-08_05:40:28,NCT06421298
18F-FES (18F-fluoroestradiol),2024-07-08_05:07:41,NCT05659797
laryngectomy,2024-07-08_03:23:26,NCT06419556
cidarabine,2024-07-08_02:42:51,NCT05656131
Durvalumab 50 MG/1 ML Intravenous Solution [IMFINZI] (Carboplatino AHCL 10 mg/ml Concentrate for solution for infusion; Etoposide 20 mg/ml Concentrate for solution for infusion),2024-07-08_02:34:54,NCT06418087
DK210 (EGFR),2024-07-09_10:09:02,NCT05704985
CD19-CD34t metabolically programmed CAR transduced T-cells,2024-07-09_09:30:22,NCT05702853
mesenchymal stem cells (KY-2023-2-6-2),2024-07-08_00:48:18,NCT06416709
slulimumab,2024-07-06_07:46:27,NCT06406673
adebelimab,2024-07-06_07:46:27,NCT06406673
Ixazomib DX/Lenalidomide DX (Id/Rd),2024-07-05_05:43:50,NCT05477797
Pembrolizumab injection plus metastasis directed treatment (surgery or RT),2024-07-04_07:44:59,NCT05578664
Crystallized phenol + Exosome + Stem Cell,2024-07-04_04:41:31,NCT06391307
Crystallized phenol + Stem Cell,2024-07-04_04:41:31,NCT06391307
Crystallized phenol + Exosome,2024-07-04_04:41:31,NCT06391307
Dalpiciclib combined with aromatase inhibitors,2024-07-05_04:30:59,NCT05640778
SM-020 1% Gel,2024-07-05_03:49:29,NCT06409195
aortic valve replacement,2024-07-05_03:40:56,NCT06407128
QLC1101,2024-07-05_02:25:21,NCT06403735
"Inverse correlated dual-target, truncated IL7Ra modified CAR -expressing autologous T-lymphocytes. (Autologous Tris-CAR-T cell.)",2024-07-04_00:55:28,NCT05577091
11C-ER176,2024-07-03_09:20:15,NCT06384378
SNC115 injection,2024-07-03_09:05:51,NCT06384482
Fluorescence endoscopy using durvalumab-680LT,2024-07-03_07:59:38,NCT05450484
68Ga-aGPC3-scFv/Fab,2024-07-03_07:32:19,NCT06383520
IDOV-SAFE,2024-07-03_06:39:51,NCT06380309
Ivonescimab,2024-07-03_00:43:49,NCT06375486
Intrathecal Injection of Thiotepa+Radiation+Systemic Treatment of Primary Diseases,2024-07-03_00:21:15,NCT06376292
Post treatment blood sampling,2024-07-02_08:24:12,NCT05529862
Pre treatment blood sampling,2024-07-02_08:24:12,NCT05529862
Pre-treatment biopsy,2024-07-02_08:24:12,NCT05529862
Post treatment biopsy,2024-07-02_08:24:12,NCT05529862
Anti-CD19-CD3E-CAR-T cells,2024-07-02_07:57:33,NCT06373081
UTAA06 injection for treatment of advanced malignant solid tumors,2024-07-02_05:41:14,NCT06372236
portal lymphadenectomy,2024-07-02_02:02:46,NCT05430035
central liver resection,2024-07-02_02:02:46,NCT05430035
KQ-2002 CAR-T cells （CD19/CD22 CAR T-Cells）,2024-07-02_01:52:23,NCT06445803
Guideline-directed medical treatment,2024-07-02_01:37:26,NCT06365502
Allogeneic donor-derived T-cells transduced with bivalent lentiviral vector (CD19/CD22-BBz) chimeric antigen receptor (CAR),2024-07-02_01:25:52,NCT05507827
cyclodrugs,2024-07-02_01:05:17,NCT06364852
LY007,2024-07-02_01:05:17,NCT06364852
SSGJ-707,2024-07-02_00:58:28,NCT06361927
AK111,2024-07-03_03:17:52,NCT06378697
ST-1898 tablets,2024-07-01_10:20:07,NCT06359847
ST-1898,2024-07-01_10:19:45,NCT06359860
Peg-IFNα-2b,2024-07-01_08:56:37,NCT06357806
PeptiCRAd-1,2024-07-01_06:39:58,NCT05492682
Mononuclear cells,2024-07-01_06:38:18,NCT06427642
tigio,2024-07-01_04:35:07,NCT06354218
Serplulimab (HLX-10LX),2024-07-01_04:35:07,NCT06354218
blood sampling before radiotherapy,2024-07-01_03:18:01,NCT06418126
blood sampling after the fourth radiotherapy session,2024-07-01_03:18:01,NCT06418126
serplulimab,2024-07-01_01:43:35,NCT06350162
Anisodine Hydrobromide,2024-07-01_00:26:23,NCT05416476
CBM588 Capsules (CBM588; Clostridium butyricum MIYAIRI 588; C. butyricum MIYAIRI 588; C. butyricum strain MIYAIRI 588),2024-06-29_05:45:27,NCT06399419
Soquelitinib,2024-06-29_04:40:16,NCT06345404
ACE-86225106,2024-06-28_01:56:35,NCT06380660
LY3650150,2024-06-28_01:51:52,NCT06338995
TSL-1502 capsules(low dose),2024-06-28_01:50:41,NCT05420779
TSL-1502 capsules(high dose),2024-06-28_01:50:41,NCT05420779
Budesonide EC,2024-06-27_22:15:05,NCT05405387
HB0045,2024-06-27_11:50:10,NCT06056323
HC010,2024-06-27_07:07:53,NCT06307925
angiotensin receptor blocker,2024-07-01_04:19:30,NCT05487261
angiotensin converting enzyme,2024-07-01_04:19:30,NCT05487261
Claudin18.2-Targeted Chimeric Antigen Receptor T Cell Injection,2024-07-01_03:37:15,NCT06353152
LG002 (ICIs),2024-06-27_00:33:58,NCT06329908
PD1+ TILs (NUMARZU-001) product infusion,2024-06-28_03:01:54,NCT05451784
Fuzheng Quxie Recipe (Fuzheng Quxie Formula；Yifei Sanjie Recipe；Yifei Sanjie Formula；),2024-06-28_02:37:52,NCT06381960
IAP0971,2024-06-26_08:56:15,NCT05396391
ETN101,2024-06-26_08:52:09,NCT06326502
second-generation antiandrogens,2024-06-26_08:51:53,NCT06350825
IAE0972,2024-06-26_08:47:02,NCT05396339
CD19-BAFF Targeted CAR T-cells (CD19-BAFF Targeted CAR T-cells injection),2024-06-26_08:44:22,NCT06346912
Genome-wide association study,2024-06-26_05:58:33,NCT06325878
JIN-A02,2024-06-26_05:46:10,NCT05394831
CT048 Autologous Injection (CT048),2024-06-26_03:44:52,NCT05393986
percutaneous cryoablation,2024-06-26_03:44:29,NCT05410509
local treatment,2024-06-25_11:21:08,NCT06320301
Vineclavone,2024-06-25_10:06:04,NCT06329999
topotecanib,2024-06-25_09:04:49,NCT06328439
MET-TKI,2024-06-25_09:04:49,NCT06328439
camatinib,2024-06-25_09:04:49,NCT06328439
ANS014004,2024-06-25_09:04:49,NCT06328439
Allogeneic CD19-STAR T cell (Allogeneic CD19-targeting synthetic T-cell receptor antigen receptor T cells),2024-06-25_04:11:29,NCT06321289
Tissue factor directed antibody-drug conjugates,2024-06-23_10:23:55,NCT06172478
N-chlorin e6 triglumine,2024-06-22_00:19:30,NCT06311890
EN001,2024-06-26_10:32:56,NCT06328712
Fast CAR T cells,2024-06-26_09:47:38,NCT06327997
Hemay022+AI,2024-06-21_06:49:17,NCT06313983
GM-1020,2024-06-21_06:29:07,NCT06309277
anti-CLL-1 CAR NK cells,2024-06-21_03:50:00,NCT06307054
CS23546,2024-06-21_03:31:25,NCT06245122
BeginNGS Test,2024-06-21_00:54:40,NCT06306521
Trifluridine Tipiracil,2024-06-21_00:34:03,NCT05278351
HC006,2024-06-20_22:44:23,NCT06304571
pucotenlimab,2024-06-20_22:41:01,NCT06192784
Full dose intranasal H107e,2024-06-20_03:59:11,NCT06050356
H107e/CAF®10b - full adjuvant dose,2024-06-20_03:59:11,NCT06050356
Low dose intranasal H107e,2024-06-20_03:59:11,NCT06050356
Intranasal H107e,2024-06-20_03:59:11,NCT06050356
CAF®10b,2024-06-20_03:59:11,NCT06050356
H107e/CAF®10b,2024-06-20_03:59:11,NCT06050356
H107e/CAF®10b - low adjuvant dose,2024-06-20_03:59:11,NCT06050356
H107e,2024-06-20_03:59:11,NCT06050356
RC148 (RC148 for injection),2024-06-20_02:27:13,NCT06016062
HR070803 plus,2024-06-19_10:24:40,NCT05945901
Low-dose Pazopanib in Pediatric Cohort,2024-06-20_07:29:35,NCT05210413
Spartalizumab in Pediatric cohort,2024-06-20_07:29:35,NCT05210413
Spartalizumab in Adult cohort,2024-06-20_07:29:35,NCT05210413
Low-dose Pazopanib in Adult Cohort,2024-06-20_07:29:35,NCT05210413
free flap surgery,2024-06-20_05:31:43,NCT04449445
regional flap surgery,2024-06-20_05:31:43,NCT04449445
cochlear implant,2024-06-20_04:49:57,NCT06298396
Clostridium butyricum,2024-06-19_08:01:00,NCT05914389
Oral calcitriol with cinacalcet rescue,2024-06-19_06:26:23,NCT06288451
IV activated vitamin D,2024-06-19_06:26:23,NCT06288451
DP CD8 TIL,2024-06-19_05:50:34,NCT05902520
DP CD8 TIL KD,2024-06-19_05:50:34,NCT05902520
D3S-002,2024-06-19_05:10:40,NCT05886920
MMR booster vaccination (as M-M-R-VaxPro),2024-06-19_05:08:35,NCT05894395
Serplulimab,2024-06-19_03:24:26,NCT05872685
CAPIRI,2024-06-19_02:40:37,NCT05862051
Serplulimab,2024-06-19_00:49:06,NCT06084897
CC-3,2024-06-20_01:14:56,NCT05999396
Cal-Mag Butyrate (Bodybio Calcium Magnesium Butyrate),2024-06-20_00:57:40,NCT05367245
TCC1727 tablet,2024-06-20_00:57:05,NCT05970016
arsenious acid,2024-06-18_09:50:21,NCT03903705
Cisplatine Teva®,2024-06-18_08:50:21,NCT06281860
TAF/EVG rectal insert,2024-06-18_07:42:09,NCT06274398
LY007,2024-06-18_05:44:49,NCT06279611
Serplulimab,2024-06-18_05:36:21,NCT05742425
Exosome liquid dressing,2024-06-18_05:04:13,NCT06279039
Q-switched laser therapy,2024-06-18_05:04:13,NCT06279039
Elective Cesarean,2024-06-18_04:54:47,NCT06278415
regofinib,2024-06-17_23:30:39,NCT04745130
BNE,2024-06-17_23:18:07,NCT06274970
"10 µg midazolam, 375 µg dabigatran etexilate, 10 µg pitavastatin, 50 µg rosuvastatin, and 100 µg atorvastatin were administered to diabetic patients on an empty stomach.",2024-06-17_11:23:14,NCT06273215
11C-HY-2-15 PET,2024-06-17_06:38:44,NCT06032026
Parimparib,2024-06-17_06:01:30,NCT05573373
Prolgolimab,2024-06-17_01:16:28,NCT06428487
Fresh blood samples were collected from healthy subjects and T2DM patients without hypoglycemic drugs,2024-06-18_04:07:20,NCT06277466
Fresh normal pancreatic tissues or adjacent tissues of pancreatic cancer were collected from controls and T2DM patients without hypoglycemic drugs,2024-06-18_04:07:20,NCT06277466
Cardonizumab,2024-06-18_02:52:26,NCT06277024
SOX regimen,2024-06-18_02:52:26,NCT06277024
Cyclophosphamide (CY) (Plan 1),2024-06-14_08:19:25,NCT03579875
BM-MSC injection,2024-06-12_00:10:56,NCT06001853
anti-LAG3 agent,2024-06-09_14:10:51,NCT06250335
violanoids,2024-06-09_09:11:12,NCT05744427
hNeo-T,2024-05-15_10:34:27,NCT06224049
Actinomycin-D,2024-05-10_22:09:48,NCT06028672
SJ-Neo006 (Neoantigen mRNA Vaccines),2024-05-15_02:42:27,NCT06326736
Sacubitril-valsartan,2024-01-30_16:33:49,NCT05991284
urine diversion,2024-01-23_11:00:34,NCT06091124
Dexmedetomidine-esketamine combination,2024-01-05_10:13:29,NCT06003218
IHL-675A,2023-11-29_04:55:25,NCT05942911
OR502,2023-11-26_05:02:22,NCT06090266
Synthetic MVA-based SARS-CoV-2 Vaccine COH04S1 (COH04S1; SARS-CoV-2 Vaccine COH04S1; sMVA-based SARS-CoV-2 Vaccine COH04S1),2023-11-14_19:40:52,NCT04977024
radical chemotherapy,2023-11-07_09:42:09,NCT06070740
SHR-1802,2023-08-25_05:04:45,NCT05794477
radical therapy,2023-03-20_09:54:43,NCT05751486
